date,channel,spend
2023-01-01,Paid Search,2455.2
2023-01-02,Paid Search,1945.45
2023-01-03,Paid Search,1405.38
2023-01-04,Paid Search,1468.88
2023-01-05,Paid Search,2495.33
2023-01-06,Paid Search,1478.84
2023-01-07,Paid Search,1958.33
2023-01-08,Paid Search,1190.81
2023-01-09,Paid Search,2179.46
2023-01-10,Paid Search,2323.6
2023-01-11,Paid Search,1838.19
2023-01-12,Paid Search,2276.29
2023-01-13,Paid Search,2133.86
2023-01-14,Paid Search,1259.97
2023-01-15,Paid Search,2461.52
2023-01-16,Paid Search,2446.31
2023-01-17,Paid Search,2805.26
2023-01-18,Paid Search,2336.85
2023-01-19,Paid Search,2096.04
2023-01-20,Paid Search,3142.44
2023-01-21,Paid Search,2033.21
2023-01-22,Paid Search,2760.17
2023-01-23,Paid Search,2327.69
2023-01-24,Paid Search,2732.45
2023-01-25,Paid Search,2669.49
2023-01-26,Paid Search,1989.71
2023-01-27,Paid Search,1329.32
2023-01-28,Paid Search,2497.03
2023-01-29,Paid Search,2667.26
2023-01-30,Paid Search,3442.03
2023-01-31,Paid Search,2369.15
2023-02-01,Paid Search,2861.14
2023-02-02,Paid Search,1352.09
2023-02-03,Paid Search,1675.35
2023-02-04,Paid Search,2626.44
2023-02-05,Paid Search,2716.82
2023-02-06,Paid Search,1717.5
2023-02-07,Paid Search,3312.16
2023-02-08,Paid Search,2403.51
2023-02-09,Paid Search,1318.71
2023-02-10,Paid Search,2214.16
2023-02-11,Paid Search,1421.64
2023-02-12,Paid Search,2622.15
2023-02-13,Paid Search,2654.63
2023-02-14,Paid Search,2404.58
2023-02-15,Paid Search,1189.2
2023-02-16,Paid Search,1875.45
2023-02-17,Paid Search,2417.6
2023-02-18,Paid Search,3024.95
2023-02-19,Paid Search,1798.3
2023-02-20,Paid Search,2080.02
2023-02-21,Paid Search,2767.76
2023-02-22,Paid Search,1800.36
2023-02-23,Paid Search,2902.93
2023-02-24,Paid Search,1680.45
2023-02-25,Paid Search,2677.57
2023-02-26,Paid Search,2844.32
2023-02-27,Paid Search,2386.37
2023-02-28,Paid Search,2027.81
2023-03-01,Paid Search,2284.84
2023-03-02,Paid Search,2895.55
2023-03-03,Paid Search,2842.21
2023-03-04,Paid Search,2424.74
2023-03-05,Paid Search,1837.38
2023-03-06,Paid Search,2544.02
2023-03-07,Paid Search,2025.05
2023-03-08,Paid Search,2638.52
2023-03-09,Paid Search,2062.65
2023-03-10,Paid Search,2717.37
2023-03-11,Paid Search,2997.62
2023-03-12,Paid Search,2288.62
2023-03-13,Paid Search,2050.86
2023-03-14,Paid Search,2649.35
2023-03-15,Paid Search,2160.32
2023-03-16,Paid Search,2384.29
2023-03-17,Paid Search,2409.17
2023-03-18,Paid Search,3101.7
2023-03-19,Paid Search,1668.53
2023-03-20,Paid Search,2317.05
2023-03-21,Paid Search,2365.84
2023-03-22,Paid Search,2739.82
2023-03-23,Paid Search,1719.36
2023-03-24,Paid Search,3423.76
2023-03-25,Paid Search,3262.86
2023-03-26,Paid Search,3002.72
2023-03-27,Paid Search,3026.28
2023-03-28,Paid Search,2830.98
2023-03-29,Paid Search,1859.2
2023-03-30,Paid Search,2287.58
2023-03-31,Paid Search,1872.73
2023-04-01,Paid Search,2215.41
2023-04-02,Paid Search,3117.27
2023-04-03,Paid Search,2396.89
2023-04-04,Paid Search,3365.23
2023-04-05,Paid Search,2273.6
2023-04-06,Paid Search,2107.1
2023-04-07,Paid Search,1700.63
2023-04-08,Paid Search,3345.45
2023-04-09,Paid Search,2235.28
2023-04-10,Paid Search,2589.32
2023-04-11,Paid Search,3686.09
2023-04-12,Paid Search,725.41
2023-04-13,Paid Search,2274.36
2023-04-14,Paid Search,3271.97
2023-04-15,Paid Search,1564.41
2023-04-16,Paid Search,2831.55
2023-04-17,Paid Search,3714.15
2023-04-18,Paid Search,3199.43
2023-04-19,Paid Search,2995.4
2023-04-20,Paid Search,3226.12
2023-04-21,Paid Search,2033.63
2023-04-22,Paid Search,1820.2
2023-04-23,Paid Search,2876.18
2023-04-24,Paid Search,2193.3
2023-04-25,Paid Search,3836.89
2023-04-26,Paid Search,2489.18
2023-04-27,Paid Search,2430.33
2023-04-28,Paid Search,3073.31
2023-04-29,Paid Search,2265.35
2023-04-30,Paid Search,1356.73
2023-05-01,Paid Search,2655.61
2023-05-02,Paid Search,2670.54
2023-05-03,Paid Search,2854.91
2023-05-04,Paid Search,2254.93
2023-05-05,Paid Search,2623.9
2023-05-06,Paid Search,2520.35
2023-05-07,Paid Search,2627.67
2023-05-08,Paid Search,1833.05
2023-05-09,Paid Search,3453.45
2023-05-10,Paid Search,1797.48
2023-05-11,Paid Search,2654.69
2023-05-12,Paid Search,3104.17
2023-05-13,Paid Search,1945.05
2023-05-14,Paid Search,2038.24
2023-05-15,Paid Search,2338.32
2023-05-16,Paid Search,3558.16
2023-05-17,Paid Search,2179.76
2023-05-18,Paid Search,2928.12
2023-05-19,Paid Search,2584.32
2023-05-20,Paid Search,2595.29
2023-05-21,Paid Search,1829.94
2023-05-22,Paid Search,3351.64
2023-05-23,Paid Search,3524.29
2023-05-24,Paid Search,2544.02
2023-05-25,Paid Search,1820.45
2023-05-26,Paid Search,2867.96
2023-05-27,Paid Search,2462.69
2023-05-28,Paid Search,2019.86
2023-05-29,Paid Search,2038.34
2023-05-30,Paid Search,2553.08
2023-05-31,Paid Search,4203.73
2023-06-01,Paid Search,2408.25
2023-06-02,Paid Search,3667.52
2023-06-03,Paid Search,2366.13
2023-06-04,Paid Search,2749.67
2023-06-05,Paid Search,1660.75
2023-06-06,Paid Search,3253.62
2023-06-07,Paid Search,2859.52
2023-06-08,Paid Search,1914.7
2023-06-09,Paid Search,2676.51
2023-06-10,Paid Search,3794.15
2023-06-11,Paid Search,1765.52
2023-06-12,Paid Search,3303.02
2023-06-13,Paid Search,1395.34
2023-06-14,Paid Search,1369.27
2023-06-15,Paid Search,2286.17
2023-06-16,Paid Search,3048.41
2023-06-17,Paid Search,2647.53
2023-06-18,Paid Search,3067.69
2023-06-19,Paid Search,2608.12
2023-06-20,Paid Search,2929.77
2023-06-21,Paid Search,2232.44
2023-06-22,Paid Search,3795.99
2023-06-23,Paid Search,2787.09
2023-06-24,Paid Search,3172.02
2023-06-25,Paid Search,2778.74
2023-06-26,Paid Search,2366.79
2023-06-27,Paid Search,2011.79
2023-06-28,Paid Search,2215.66
2023-06-29,Paid Search,2988.12
2023-06-30,Paid Search,3599.2
2023-07-01,Paid Search,1979.92
2023-07-02,Paid Search,2573.27
2023-07-03,Paid Search,2014.17
2023-07-04,Paid Search,3651.31
2023-07-05,Paid Search,2461.46
2023-07-06,Paid Search,2334.26
2023-07-07,Paid Search,3077.13
2023-07-08,Paid Search,964.99
2023-07-09,Paid Search,3492.38
2023-07-10,Paid Search,2471.16
2023-07-11,Paid Search,3349.3
2023-07-12,Paid Search,2759.6
2023-07-13,Paid Search,2535.4
2023-07-14,Paid Search,3106.27
2023-07-15,Paid Search,2016.49
2023-07-16,Paid Search,3356.05
2023-07-17,Paid Search,3240.39
2023-07-18,Paid Search,2042.35
2023-07-19,Paid Search,2719.59
2023-07-20,Paid Search,2435.47
2023-07-21,Paid Search,2034.63
2023-07-22,Paid Search,3138.43
2023-07-23,Paid Search,2664.7
2023-07-24,Paid Search,3530.85
2023-07-25,Paid Search,2414.49
2023-07-26,Paid Search,1382.99
2023-07-27,Paid Search,2331.36
2023-07-28,Paid Search,3083.45
2023-07-29,Paid Search,3002.79
2023-07-30,Paid Search,3350.6
2023-07-31,Paid Search,2032.58
2023-08-01,Paid Search,2707.91
2023-08-02,Paid Search,3086.97
2023-08-03,Paid Search,3152.04
2023-08-04,Paid Search,5086.72
2023-08-05,Paid Search,1057.65
2023-08-06,Paid Search,2587.48
2023-08-07,Paid Search,1708.35
2023-08-08,Paid Search,3166.99
2023-08-09,Paid Search,2137.03
2023-08-10,Paid Search,3166.24
2023-08-11,Paid Search,2705.65
2023-08-12,Paid Search,1835.91
2023-08-13,Paid Search,3592.72
2023-08-14,Paid Search,3072.12
2023-08-15,Paid Search,2143.93
2023-08-16,Paid Search,3351.84
2023-08-17,Paid Search,2865.21
2023-08-18,Paid Search,2732.58
2023-08-19,Paid Search,2086.64
2023-08-20,Paid Search,1775.01
2023-08-21,Paid Search,2206.81
2023-08-22,Paid Search,2538.71
2023-08-23,Paid Search,2150.7
2023-08-24,Paid Search,1843.87
2023-08-25,Paid Search,2613.39
2023-08-26,Paid Search,3406.63
2023-08-27,Paid Search,2633.51
2023-08-28,Paid Search,1442.96
2023-08-29,Paid Search,3404.35
2023-08-30,Paid Search,4151.7
2023-08-31,Paid Search,3929.7
2023-09-01,Paid Search,2438.64
2023-09-02,Paid Search,3332.03
2023-09-03,Paid Search,2666.99
2023-09-04,Paid Search,2553.4
2023-09-05,Paid Search,3310.96
2023-09-06,Paid Search,1113.01
2023-09-07,Paid Search,1267.81
2023-09-08,Paid Search,2969.14
2023-09-09,Paid Search,3294.73
2023-09-10,Paid Search,2709.33
2023-09-11,Paid Search,2943.79
2023-09-12,Paid Search,2714.47
2023-09-13,Paid Search,2261.78
2023-09-14,Paid Search,3978.07
2023-09-15,Paid Search,3425.87
2023-09-16,Paid Search,2065.55
2023-09-17,Paid Search,3053.44
2023-09-18,Paid Search,2634.92
2023-09-19,Paid Search,1784.87
2023-09-20,Paid Search,3038.94
2023-09-21,Paid Search,2299.58
2023-09-22,Paid Search,3751.06
2023-09-23,Paid Search,2711.97
2023-09-24,Paid Search,2830.26
2023-09-25,Paid Search,2436.98
2023-09-26,Paid Search,3964.3
2023-09-27,Paid Search,3251.53
2023-09-28,Paid Search,3513.57
2023-09-29,Paid Search,3328.44
2023-09-30,Paid Search,2600.16
2023-10-01,Paid Search,2325.3
2023-10-02,Paid Search,2649.51
2023-10-03,Paid Search,3789.21
2023-10-04,Paid Search,3326.19
2023-10-05,Paid Search,2648.25
2023-10-06,Paid Search,3506.77
2023-10-07,Paid Search,2458.38
2023-10-08,Paid Search,4265.32
2023-10-09,Paid Search,3506.08
2023-10-10,Paid Search,3594.28
2023-10-11,Paid Search,2895.26
2023-10-12,Paid Search,1625.84
2023-10-13,Paid Search,2703.62
2023-10-14,Paid Search,2144.28
2023-10-15,Paid Search,2980.31
2023-10-16,Paid Search,4142.97
2023-10-17,Paid Search,3594.11
2023-10-18,Paid Search,3876.99
2023-10-19,Paid Search,3024.3
2023-10-20,Paid Search,2920.67
2023-10-21,Paid Search,3670.58
2023-10-22,Paid Search,4052.77
2023-10-23,Paid Search,3083.53
2023-10-24,Paid Search,3372.24
2023-10-25,Paid Search,2505.54
2023-10-26,Paid Search,3675.22
2023-10-27,Paid Search,1679.02
2023-10-28,Paid Search,3338.54
2023-10-29,Paid Search,3648.5
2023-10-30,Paid Search,2786.8
2023-10-31,Paid Search,2784.34
2023-11-01,Paid Search,1728.51
2023-11-02,Paid Search,3296.11
2023-11-03,Paid Search,1216.3
2023-11-04,Paid Search,3993.24
2023-11-05,Paid Search,2807.01
2023-11-06,Paid Search,4401.89
2023-11-07,Paid Search,4155.96
2023-11-08,Paid Search,4597.09
2023-11-09,Paid Search,2785.13
2023-11-10,Paid Search,2524.98
2023-11-11,Paid Search,2876.66
2023-11-12,Paid Search,3971.93
2023-11-13,Paid Search,2372.48
2023-11-14,Paid Search,1852.79
2023-11-15,Paid Search,1813.96
2023-11-16,Paid Search,2241.87
2023-11-17,Paid Search,3487.48
2023-11-18,Paid Search,2195.57
2023-11-19,Paid Search,1584.65
2023-11-20,Paid Search,2652.76
2023-11-21,Paid Search,3123.92
2023-11-22,Paid Search,2600.91
2023-11-23,Paid Search,2237.0
2023-11-24,Paid Search,1534.78
2023-11-25,Paid Search,2763.23
2023-11-26,Paid Search,2899.92
2023-11-27,Paid Search,1664.2
2023-11-28,Paid Search,2202.21
2023-11-29,Paid Search,2850.94
2023-11-30,Paid Search,1596.83
2023-12-01,Paid Search,1559.99
2023-12-02,Paid Search,4685.45
2023-12-03,Paid Search,3705.52
2023-12-04,Paid Search,3952.71
2023-12-05,Paid Search,3008.97
2023-12-06,Paid Search,3042.34
2023-12-07,Paid Search,3570.23
2023-12-08,Paid Search,3212.58
2023-12-09,Paid Search,4349.17
2023-12-10,Paid Search,3360.35
2023-12-11,Paid Search,3084.08
2023-12-12,Paid Search,2796.34
2023-12-13,Paid Search,3299.12
2023-12-14,Paid Search,3838.3
2023-12-15,Paid Search,2788.55
2023-12-16,Paid Search,3240.83
2023-12-17,Paid Search,3587.61
2023-12-18,Paid Search,3019.55
2023-12-19,Paid Search,2222.87
2023-12-20,Paid Search,3635.22
2023-12-21,Paid Search,3228.71
2023-12-22,Paid Search,3119.92
2023-12-23,Paid Search,3623.97
2023-12-24,Paid Search,3054.28
2023-12-25,Paid Search,2888.92
2023-12-26,Paid Search,1997.27
2023-12-27,Paid Search,3854.5
2023-12-28,Paid Search,2806.88
2023-12-29,Paid Search,1428.53
2023-12-30,Paid Search,3826.69
2023-12-31,Paid Search,2218.02
2024-01-01,Paid Search,3432.11
2024-01-02,Paid Search,2676.88
2024-01-03,Paid Search,3334.8
2024-01-04,Paid Search,4451.62
2024-01-05,Paid Search,3525.66
2024-01-06,Paid Search,4322.89
2024-01-07,Paid Search,3768.23
2024-01-08,Paid Search,4513.93
2024-01-09,Paid Search,4811.82
2024-01-10,Paid Search,4233.0
2024-01-11,Paid Search,3524.56
2024-01-12,Paid Search,2506.66
2024-01-13,Paid Search,3720.66
2024-01-14,Paid Search,4225.83
2024-01-15,Paid Search,3223.98
2024-01-16,Paid Search,2448.72
2024-01-17,Paid Search,3963.82
2024-01-18,Paid Search,3596.77
2024-01-19,Paid Search,2938.37
2024-01-20,Paid Search,4550.92
2024-01-21,Paid Search,3555.33
2024-01-22,Paid Search,3592.33
2024-01-23,Paid Search,3293.52
2024-01-24,Paid Search,4281.22
2024-01-25,Paid Search,3300.3
2024-01-26,Paid Search,3069.72
2024-01-27,Paid Search,4210.97
2024-01-28,Paid Search,2746.43
2024-01-29,Paid Search,1782.9
2024-01-30,Paid Search,2592.73
2024-01-31,Paid Search,4896.78
2024-02-01,Paid Search,4253.54
2024-02-02,Paid Search,2128.73
2024-02-03,Paid Search,4123.68
2024-02-04,Paid Search,2607.57
2024-02-05,Paid Search,2678.45
2024-02-06,Paid Search,4729.43
2024-02-07,Paid Search,2853.3
2024-02-08,Paid Search,3497.9
2024-02-09,Paid Search,3718.15
2024-02-10,Paid Search,4324.04
2024-02-11,Paid Search,3238.72
2024-02-12,Paid Search,2922.35
2024-02-13,Paid Search,3088.91
2024-02-14,Paid Search,1661.76
2024-02-15,Paid Search,4317.57
2024-02-16,Paid Search,4317.01
2024-02-17,Paid Search,3934.2
2024-02-18,Paid Search,2701.75
2024-02-19,Paid Search,2582.57
2024-02-20,Paid Search,5559.14
2024-02-21,Paid Search,2392.58
2024-02-22,Paid Search,3553.65
2024-02-23,Paid Search,2266.29
2024-02-24,Paid Search,1300.69
2024-02-25,Paid Search,2129.33
2024-02-26,Paid Search,2714.3
2024-02-27,Paid Search,2851.5
2024-02-28,Paid Search,3814.35
2024-02-29,Paid Search,2933.9
2024-03-01,Paid Search,4479.37
2024-03-02,Paid Search,3122.96
2024-03-03,Paid Search,1565.82
2024-03-04,Paid Search,3057.2
2024-03-05,Paid Search,4102.56
2024-03-06,Paid Search,2518.04
2024-03-07,Paid Search,3103.69
2024-03-08,Paid Search,3777.52
2024-03-09,Paid Search,2770.15
2024-03-10,Paid Search,3976.07
2024-03-11,Paid Search,4858.78
2024-03-12,Paid Search,2908.43
2024-03-13,Paid Search,4946.77
2024-03-14,Paid Search,2114.95
2024-03-15,Paid Search,4195.48
2024-03-16,Paid Search,3700.18
2024-03-17,Paid Search,3517.96
2024-03-18,Paid Search,3828.92
2024-03-19,Paid Search,3979.23
2024-03-20,Paid Search,2105.74
2024-03-21,Paid Search,4119.88
2024-03-22,Paid Search,3053.63
2024-03-23,Paid Search,2911.6
2024-03-24,Paid Search,3538.56
2024-03-25,Paid Search,3982.99
2024-03-26,Paid Search,4183.44
2024-03-27,Paid Search,3871.6
2024-03-28,Paid Search,4698.69
2024-03-29,Paid Search,4115.18
2024-03-30,Paid Search,3849.7
2024-03-31,Paid Search,3640.72
2024-04-01,Paid Search,6011.18
2024-04-02,Paid Search,4023.53
2024-04-03,Paid Search,3125.89
2024-04-04,Paid Search,4104.51
2024-04-05,Paid Search,3269.24
2024-04-06,Paid Search,3897.18
2024-04-07,Paid Search,2810.79
2024-04-08,Paid Search,4087.94
2024-04-09,Paid Search,2713.28
2024-04-10,Paid Search,3890.85
2024-04-11,Paid Search,3332.1
2024-04-12,Paid Search,4602.07
2024-04-13,Paid Search,4087.61
2024-04-14,Paid Search,4658.6
2024-04-15,Paid Search,3502.72
2024-04-16,Paid Search,4656.97
2024-04-17,Paid Search,4199.94
2024-04-18,Paid Search,3444.07
2024-04-19,Paid Search,5225.06
2024-04-20,Paid Search,2420.08
2024-04-21,Paid Search,1951.51
2024-04-22,Paid Search,5019.4
2024-04-23,Paid Search,2484.22
2024-04-24,Paid Search,3181.99
2024-04-25,Paid Search,3153.58
2024-04-26,Paid Search,2966.41
2024-04-27,Paid Search,4933.66
2024-04-28,Paid Search,3305.31
2024-04-29,Paid Search,3390.89
2024-04-30,Paid Search,3655.42
2024-05-01,Paid Search,4408.36
2024-05-02,Paid Search,3348.35
2024-05-03,Paid Search,4485.26
2024-05-04,Paid Search,2630.7
2024-05-05,Paid Search,4821.83
2024-05-06,Paid Search,2362.3
2024-05-07,Paid Search,4268.21
2024-05-08,Paid Search,1984.47
2024-05-09,Paid Search,3476.67
2024-05-10,Paid Search,3965.5
2024-05-11,Paid Search,3416.97
2024-05-12,Paid Search,3985.01
2024-05-13,Paid Search,2921.87
2024-05-14,Paid Search,2429.64
2024-05-15,Paid Search,3951.35
2024-05-16,Paid Search,3189.06
2024-05-17,Paid Search,3937.32
2024-05-18,Paid Search,4828.14
2024-05-19,Paid Search,4658.8
2024-05-20,Paid Search,3338.01
2024-05-21,Paid Search,2837.39
2024-05-22,Paid Search,3339.65
2024-05-23,Paid Search,3529.2
2024-05-24,Paid Search,6322.36
2024-05-25,Paid Search,4548.26
2024-05-26,Paid Search,2845.69
2024-05-27,Paid Search,3591.75
2024-05-28,Paid Search,3566.42
2024-05-29,Paid Search,4909.06
2024-05-30,Paid Search,2385.78
2024-05-31,Paid Search,3766.32
2024-06-01,Paid Search,2995.97
2024-06-02,Paid Search,3633.76
2024-06-03,Paid Search,3394.61
2024-06-04,Paid Search,2479.49
2024-06-05,Paid Search,4244.3
2024-06-06,Paid Search,3783.39
2024-06-07,Paid Search,5342.81
2024-06-08,Paid Search,2344.11
2024-06-09,Paid Search,3579.62
2024-06-10,Paid Search,4889.76
2024-06-11,Paid Search,3175.91
2024-06-12,Paid Search,4727.73
2024-06-13,Paid Search,2604.06
2024-06-14,Paid Search,2037.14
2024-06-15,Paid Search,3501.7
2024-06-16,Paid Search,4015.02
2024-06-17,Paid Search,2866.19
2024-06-18,Paid Search,1742.54
2024-06-19,Paid Search,5413.07
2024-06-20,Paid Search,3681.85
2024-06-21,Paid Search,3016.14
2024-06-22,Paid Search,3324.16
2024-06-23,Paid Search,4354.29
2024-06-24,Paid Search,3778.8
2024-06-25,Paid Search,4698.78
2024-06-26,Paid Search,1783.42
2024-06-27,Paid Search,4234.74
2024-06-28,Paid Search,4048.34
2024-06-29,Paid Search,3933.35
2024-06-30,Paid Search,2706.83
2024-07-01,Paid Search,4168.59
2024-07-02,Paid Search,4841.1
2024-07-03,Paid Search,3080.33
2024-07-04,Paid Search,3849.62
2024-07-05,Paid Search,3964.33
2024-07-06,Paid Search,3533.26
2024-07-07,Paid Search,6299.63
2024-07-08,Paid Search,5116.19
2024-07-09,Paid Search,4120.12
2024-07-10,Paid Search,3338.58
2024-07-11,Paid Search,4352.21
2024-07-12,Paid Search,3910.34
2024-07-13,Paid Search,3948.48
2024-07-14,Paid Search,3354.76
2024-07-15,Paid Search,3813.22
2024-07-16,Paid Search,3742.94
2024-07-17,Paid Search,5641.42
2024-07-18,Paid Search,4097.65
2024-07-19,Paid Search,2822.69
2024-07-20,Paid Search,3580.39
2024-07-21,Paid Search,3377.39
2024-07-22,Paid Search,3621.03
2024-07-23,Paid Search,3709.58
2024-07-24,Paid Search,2783.96
2024-07-25,Paid Search,3996.08
2024-07-26,Paid Search,3119.57
2024-07-27,Paid Search,5160.16
2024-07-28,Paid Search,3880.17
2024-07-29,Paid Search,3549.59
2024-07-30,Paid Search,4599.11
2024-07-31,Paid Search,5625.2
2024-08-01,Paid Search,4964.0
2024-08-02,Paid Search,3938.38
2024-08-03,Paid Search,4059.87
2024-08-04,Paid Search,1816.23
2024-08-05,Paid Search,3784.44
2024-08-06,Paid Search,4268.19
2024-08-07,Paid Search,5054.97
2024-08-08,Paid Search,5996.49
2024-08-09,Paid Search,4085.24
2024-08-10,Paid Search,3750.74
2024-08-11,Paid Search,2508.18
2024-08-12,Paid Search,4475.62
2024-08-13,Paid Search,3009.24
2024-08-14,Paid Search,4515.06
2024-08-15,Paid Search,3054.68
2024-08-16,Paid Search,3592.23
2024-08-17,Paid Search,3463.13
2024-08-18,Paid Search,2900.03
2024-08-19,Paid Search,4850.08
2024-08-20,Paid Search,5379.39
2024-08-21,Paid Search,2358.07
2024-08-22,Paid Search,2861.35
2024-08-23,Paid Search,3870.33
2024-08-24,Paid Search,3618.61
2024-08-25,Paid Search,4351.43
2024-08-26,Paid Search,3208.75
2024-08-27,Paid Search,4805.16
2024-08-28,Paid Search,3502.7
2024-08-29,Paid Search,2213.07
2024-08-30,Paid Search,3108.48
2024-08-31,Paid Search,5263.37
2024-09-01,Paid Search,3633.02
2024-09-02,Paid Search,3636.22
2024-09-03,Paid Search,4269.23
2024-09-04,Paid Search,4049.44
2024-09-05,Paid Search,2476.57
2024-09-06,Paid Search,3566.32
2024-09-07,Paid Search,3964.4
2024-09-08,Paid Search,4348.6
2024-09-09,Paid Search,4435.91
2024-09-10,Paid Search,4411.69
2024-09-11,Paid Search,4497.09
2024-09-12,Paid Search,2719.66
2024-09-13,Paid Search,2883.17
2024-09-14,Paid Search,3908.77
2024-09-15,Paid Search,3157.91
2024-09-16,Paid Search,4403.19
2024-09-17,Paid Search,2978.79
2024-09-18,Paid Search,3815.96
2024-09-19,Paid Search,4044.3
2024-09-20,Paid Search,1089.4
2024-09-21,Paid Search,3541.42
2024-09-22,Paid Search,4272.49
2024-09-23,Paid Search,3904.6
2024-09-24,Paid Search,3068.1
2024-09-25,Paid Search,3076.91
2024-09-26,Paid Search,2752.94
2024-09-27,Paid Search,3903.81
2024-09-28,Paid Search,2996.95
2024-09-29,Paid Search,4072.55
2024-09-30,Paid Search,4412.0
2024-10-01,Paid Search,3935.55
2024-10-02,Paid Search,3366.29
2024-10-03,Paid Search,3426.46
2024-10-04,Paid Search,3132.24
2024-10-05,Paid Search,2744.91
2024-10-06,Paid Search,3833.45
2024-10-07,Paid Search,3643.63
2024-10-08,Paid Search,2891.93
2024-10-09,Paid Search,4455.24
2024-10-10,Paid Search,4963.15
2024-10-11,Paid Search,4667.77
2024-10-12,Paid Search,4632.01
2024-10-13,Paid Search,4921.67
2024-10-14,Paid Search,4584.68
2024-10-15,Paid Search,3437.73
2024-10-16,Paid Search,4161.16
2024-10-17,Paid Search,2896.69
2024-10-18,Paid Search,4957.4
2024-10-19,Paid Search,3950.97
2024-10-20,Paid Search,6295.28
2024-10-21,Paid Search,1932.23
2024-10-22,Paid Search,4936.54
2024-10-23,Paid Search,1289.96
2024-10-24,Paid Search,4436.13
2024-10-25,Paid Search,4037.03
2024-10-26,Paid Search,5021.36
2024-10-27,Paid Search,3506.44
2024-10-28,Paid Search,3701.13
2024-10-29,Paid Search,1690.52
2024-10-30,Paid Search,5286.44
2024-10-31,Paid Search,3142.58
2024-11-01,Paid Search,5441.33
2024-11-02,Paid Search,4145.38
2024-11-03,Paid Search,4056.12
2024-11-04,Paid Search,3264.06
2024-11-05,Paid Search,4021.79
2024-11-06,Paid Search,4067.07
2024-11-07,Paid Search,2718.51
2024-11-08,Paid Search,4346.71
2024-11-09,Paid Search,4967.34
2024-11-10,Paid Search,2981.27
2024-11-11,Paid Search,3972.55
2024-11-12,Paid Search,6354.62
2024-11-13,Paid Search,4139.5
2024-11-14,Paid Search,3364.16
2024-11-15,Paid Search,2712.37
2024-11-16,Paid Search,3428.94
2024-11-17,Paid Search,5319.75
2024-11-18,Paid Search,5070.9
2024-11-19,Paid Search,5210.38
2024-11-20,Paid Search,4009.77
2024-11-21,Paid Search,4772.03
2024-11-22,Paid Search,4379.67
2024-11-23,Paid Search,3309.15
2024-11-24,Paid Search,2567.82
2024-11-25,Paid Search,5333.81
2024-11-26,Paid Search,2962.07
2024-11-27,Paid Search,3489.4
2024-11-28,Paid Search,2177.46
2024-11-29,Paid Search,4963.31
2024-11-30,Paid Search,4883.79
2024-12-01,Paid Search,5595.66
2024-12-02,Paid Search,4935.0
2024-12-03,Paid Search,5039.85
2024-12-04,Paid Search,5011.84
2024-12-05,Paid Search,4657.19
2024-12-06,Paid Search,3745.01
2024-12-07,Paid Search,4675.22
2024-12-08,Paid Search,3870.51
2024-12-09,Paid Search,4527.4
2024-12-10,Paid Search,4955.56
2024-12-11,Paid Search,3008.35
2024-12-12,Paid Search,6307.07
2024-12-13,Paid Search,4619.43
2024-12-14,Paid Search,3872.48
2024-12-15,Paid Search,4241.12
2024-12-16,Paid Search,2271.26
2024-12-17,Paid Search,4802.58
2024-12-18,Paid Search,2848.16
2024-12-19,Paid Search,2001.04
2024-12-20,Paid Search,3462.44
2024-12-21,Paid Search,5230.8
2024-12-22,Paid Search,4118.69
2024-12-23,Paid Search,6734.38
2024-12-24,Paid Search,3283.98
2024-12-25,Paid Search,5347.79
2024-12-26,Paid Search,4077.09
2024-12-27,Paid Search,3758.29
2024-12-28,Paid Search,5070.98
2024-12-29,Paid Search,2502.48
2024-12-30,Paid Search,4260.3
2024-12-31,Paid Search,4707.05
2023-01-01,Organic,526.86
2023-01-02,Organic,382.03
2023-01-03,Organic,232.44
2023-01-04,Organic,417.01
2023-01-05,Organic,575.31
2023-01-06,Organic,373.14
2023-01-07,Organic,520.0
2023-01-08,Organic,553.73
2023-01-09,Organic,270.85
2023-01-10,Organic,272.93
2023-01-11,Organic,445.28
2023-01-12,Organic,198.37
2023-01-13,Organic,564.01
2023-01-14,Organic,480.48
2023-01-15,Organic,398.43
2023-01-16,Organic,390.7
2023-01-17,Organic,466.12
2023-01-18,Organic,287.83
2023-01-19,Organic,549.81
2023-01-20,Organic,639.37
2023-01-21,Organic,497.44
2023-01-22,Organic,428.22
2023-01-23,Organic,455.86
2023-01-24,Organic,270.81
2023-01-25,Organic,305.45
2023-01-26,Organic,422.64
2023-01-27,Organic,342.28
2023-01-28,Organic,668.97
2023-01-29,Organic,326.52
2023-01-30,Organic,368.75
2023-01-31,Organic,488.31
2023-02-01,Organic,586.96
2023-02-02,Organic,355.59
2023-02-03,Organic,361.07
2023-02-04,Organic,459.51
2023-02-05,Organic,411.96
2023-02-06,Organic,390.24
2023-02-07,Organic,383.03
2023-02-08,Organic,169.04
2023-02-09,Organic,476.37
2023-02-10,Organic,459.7
2023-02-11,Organic,387.43
2023-02-12,Organic,343.77
2023-02-13,Organic,277.76
2023-02-14,Organic,380.35
2023-02-15,Organic,310.98
2023-02-16,Organic,610.72
2023-02-17,Organic,359.42
2023-02-18,Organic,511.11
2023-02-19,Organic,535.44
2023-02-20,Organic,310.08
2023-02-21,Organic,344.23
2023-02-22,Organic,584.9
2023-02-23,Organic,559.09
2023-02-24,Organic,309.11
2023-02-25,Organic,392.54
2023-02-26,Organic,193.61
2023-02-27,Organic,399.93
2023-02-28,Organic,375.04
2023-03-01,Organic,316.81
2023-03-02,Organic,286.02
2023-03-03,Organic,492.84
2023-03-04,Organic,446.89
2023-03-05,Organic,325.17
2023-03-06,Organic,381.82
2023-03-07,Organic,619.7
2023-03-08,Organic,467.82
2023-03-09,Organic,365.58
2023-03-10,Organic,454.15
2023-03-11,Organic,379.02
2023-03-12,Organic,319.9
2023-03-13,Organic,434.49
2023-03-14,Organic,350.41
2023-03-15,Organic,555.62
2023-03-16,Organic,548.47
2023-03-17,Organic,463.01
2023-03-18,Organic,338.01
2023-03-19,Organic,324.84
2023-03-20,Organic,442.42
2023-03-21,Organic,481.16
2023-03-22,Organic,419.89
2023-03-23,Organic,410.2
2023-03-24,Organic,616.23
2023-03-25,Organic,510.55
2023-03-26,Organic,570.48
2023-03-27,Organic,594.01
2023-03-28,Organic,302.46
2023-03-29,Organic,523.91
2023-03-30,Organic,527.26
2023-03-31,Organic,452.05
2023-04-01,Organic,472.66
2023-04-02,Organic,343.26
2023-04-03,Organic,251.78
2023-04-04,Organic,314.24
2023-04-05,Organic,506.9
2023-04-06,Organic,423.04
2023-04-07,Organic,268.3
2023-04-08,Organic,359.05
2023-04-09,Organic,329.91
2023-04-10,Organic,254.31
2023-04-11,Organic,597.82
2023-04-12,Organic,335.87
2023-04-13,Organic,471.68
2023-04-14,Organic,401.99
2023-04-15,Organic,526.18
2023-04-16,Organic,393.57
2023-04-17,Organic,599.35
2023-04-18,Organic,207.91
2023-04-19,Organic,381.34
2023-04-20,Organic,234.65
2023-04-21,Organic,272.66
2023-04-22,Organic,485.67
2023-04-23,Organic,484.44
2023-04-24,Organic,342.35
2023-04-25,Organic,623.33
2023-04-26,Organic,506.9
2023-04-27,Organic,409.66
2023-04-28,Organic,532.93
2023-04-29,Organic,435.29
2023-04-30,Organic,553.41
2023-05-01,Organic,416.86
2023-05-02,Organic,248.57
2023-05-03,Organic,511.61
2023-05-04,Organic,627.45
2023-05-05,Organic,606.43
2023-05-06,Organic,382.13
2023-05-07,Organic,532.37
2023-05-08,Organic,295.51
2023-05-09,Organic,509.83
2023-05-10,Organic,459.02
2023-05-11,Organic,398.1
2023-05-12,Organic,515.36
2023-05-13,Organic,480.74
2023-05-14,Organic,439.73
2023-05-15,Organic,403.81
2023-05-16,Organic,248.79
2023-05-17,Organic,402.44
2023-05-18,Organic,333.91
2023-05-19,Organic,251.46
2023-05-20,Organic,469.66
2023-05-21,Organic,345.31
2023-05-22,Organic,340.08
2023-05-23,Organic,262.29
2023-05-24,Organic,516.56
2023-05-25,Organic,610.44
2023-05-26,Organic,446.7
2023-05-27,Organic,519.28
2023-05-28,Organic,181.43
2023-05-29,Organic,563.13
2023-05-30,Organic,306.08
2023-05-31,Organic,632.21
2023-06-01,Organic,532.47
2023-06-02,Organic,216.81
2023-06-03,Organic,495.33
2023-06-04,Organic,480.32
2023-06-05,Organic,412.32
2023-06-06,Organic,466.65
2023-06-07,Organic,388.27
2023-06-08,Organic,567.16
2023-06-09,Organic,535.94
2023-06-10,Organic,423.65
2023-06-11,Organic,188.6
2023-06-12,Organic,383.42
2023-06-13,Organic,584.69
2023-06-14,Organic,516.22
2023-06-15,Organic,367.01
2023-06-16,Organic,334.81
2023-06-17,Organic,495.31
2023-06-18,Organic,581.11
2023-06-19,Organic,353.66
2023-06-20,Organic,502.85
2023-06-21,Organic,456.37
2023-06-22,Organic,489.3
2023-06-23,Organic,233.57
2023-06-24,Organic,370.6
2023-06-25,Organic,428.58
2023-06-26,Organic,486.06
2023-06-27,Organic,296.61
2023-06-28,Organic,527.27
2023-06-29,Organic,558.09
2023-06-30,Organic,569.22
2023-07-01,Organic,403.44
2023-07-02,Organic,222.03
2023-07-03,Organic,581.96
2023-07-04,Organic,522.67
2023-07-05,Organic,243.52
2023-07-06,Organic,315.67
2023-07-07,Organic,441.25
2023-07-08,Organic,518.2
2023-07-09,Organic,336.4
2023-07-10,Organic,325.59
2023-07-11,Organic,333.99
2023-07-12,Organic,514.58
2023-07-13,Organic,365.37
2023-07-14,Organic,677.51
2023-07-15,Organic,329.83
2023-07-16,Organic,378.29
2023-07-17,Organic,499.33
2023-07-18,Organic,441.42
2023-07-19,Organic,425.98
2023-07-20,Organic,326.58
2023-07-21,Organic,362.0
2023-07-22,Organic,415.07
2023-07-23,Organic,279.47
2023-07-24,Organic,481.35
2023-07-25,Organic,583.22
2023-07-26,Organic,546.32
2023-07-27,Organic,346.47
2023-07-28,Organic,561.59
2023-07-29,Organic,695.0
2023-07-30,Organic,341.86
2023-07-31,Organic,322.76
2023-08-01,Organic,359.69
2023-08-02,Organic,540.13
2023-08-03,Organic,601.22
2023-08-04,Organic,395.98
2023-08-05,Organic,397.81
2023-08-06,Organic,379.1
2023-08-07,Organic,350.61
2023-08-08,Organic,463.43
2023-08-09,Organic,459.88
2023-08-10,Organic,456.31
2023-08-11,Organic,598.18
2023-08-12,Organic,319.29
2023-08-13,Organic,552.79
2023-08-14,Organic,282.32
2023-08-15,Organic,321.58
2023-08-16,Organic,590.41
2023-08-17,Organic,454.96
2023-08-18,Organic,407.14
2023-08-19,Organic,345.76
2023-08-20,Organic,319.99
2023-08-21,Organic,259.74
2023-08-22,Organic,530.15
2023-08-23,Organic,502.11
2023-08-24,Organic,349.32
2023-08-25,Organic,419.59
2023-08-26,Organic,399.0
2023-08-27,Organic,326.62
2023-08-28,Organic,346.61
2023-08-29,Organic,428.02
2023-08-30,Organic,338.51
2023-08-31,Organic,612.73
2023-09-01,Organic,421.35
2023-09-02,Organic,477.65
2023-09-03,Organic,653.45
2023-09-04,Organic,362.03
2023-09-05,Organic,453.21
2023-09-06,Organic,466.88
2023-09-07,Organic,588.93
2023-09-08,Organic,488.08
2023-09-09,Organic,298.54
2023-09-10,Organic,404.02
2023-09-11,Organic,404.54
2023-09-12,Organic,531.02
2023-09-13,Organic,347.2
2023-09-14,Organic,511.31
2023-09-15,Organic,434.09
2023-09-16,Organic,371.47
2023-09-17,Organic,361.68
2023-09-18,Organic,527.24
2023-09-19,Organic,435.57
2023-09-20,Organic,492.57
2023-09-21,Organic,539.55
2023-09-22,Organic,557.0
2023-09-23,Organic,333.98
2023-09-24,Organic,441.19
2023-09-25,Organic,429.5
2023-09-26,Organic,490.66
2023-09-27,Organic,574.2
2023-09-28,Organic,508.05
2023-09-29,Organic,465.79
2023-09-30,Organic,313.92
2023-10-01,Organic,234.75
2023-10-02,Organic,184.09
2023-10-03,Organic,556.13
2023-10-04,Organic,534.18
2023-10-05,Organic,485.2
2023-10-06,Organic,381.57
2023-10-07,Organic,478.79
2023-10-08,Organic,561.31
2023-10-09,Organic,459.83
2023-10-10,Organic,372.48
2023-10-11,Organic,383.58
2023-10-12,Organic,376.19
2023-10-13,Organic,212.76
2023-10-14,Organic,333.51
2023-10-15,Organic,320.76
2023-10-16,Organic,540.69
2023-10-17,Organic,397.17
2023-10-18,Organic,626.14
2023-10-19,Organic,387.17
2023-10-20,Organic,393.01
2023-10-21,Organic,374.92
2023-10-22,Organic,534.06
2023-10-23,Organic,557.39
2023-10-24,Organic,300.74
2023-10-25,Organic,649.85
2023-10-26,Organic,605.65
2023-10-27,Organic,472.85
2023-10-28,Organic,492.07
2023-10-29,Organic,609.9
2023-10-30,Organic,381.76
2023-10-31,Organic,428.22
2023-11-01,Organic,358.75
2023-11-02,Organic,205.97
2023-11-03,Organic,542.65
2023-11-04,Organic,464.54
2023-11-05,Organic,683.54
2023-11-06,Organic,416.33
2023-11-07,Organic,455.84
2023-11-08,Organic,451.31
2023-11-09,Organic,433.22
2023-11-10,Organic,307.63
2023-11-11,Organic,438.59
2023-11-12,Organic,518.04
2023-11-13,Organic,436.06
2023-11-14,Organic,400.91
2023-11-15,Organic,329.19
2023-11-16,Organic,506.13
2023-11-17,Organic,456.52
2023-11-18,Organic,353.07
2023-11-19,Organic,446.77
2023-11-20,Organic,535.73
2023-11-21,Organic,355.57
2023-11-22,Organic,611.18
2023-11-23,Organic,457.02
2023-11-24,Organic,365.28
2023-11-25,Organic,377.29
2023-11-26,Organic,616.36
2023-11-27,Organic,673.84
2023-11-28,Organic,487.24
2023-11-29,Organic,413.85
2023-11-30,Organic,499.98
2023-12-01,Organic,500.0
2023-12-02,Organic,463.88
2023-12-03,Organic,179.65
2023-12-04,Organic,443.53
2023-12-05,Organic,473.32
2023-12-06,Organic,208.46
2023-12-07,Organic,357.79
2023-12-08,Organic,414.11
2023-12-09,Organic,448.28
2023-12-10,Organic,322.39
2023-12-11,Organic,550.23
2023-12-12,Organic,461.14
2023-12-13,Organic,250.86
2023-12-14,Organic,401.33
2023-12-15,Organic,370.22
2023-12-16,Organic,464.57
2023-12-17,Organic,439.08
2023-12-18,Organic,521.19
2023-12-19,Organic,659.65
2023-12-20,Organic,539.29
2023-12-21,Organic,601.71
2023-12-22,Organic,682.14
2023-12-23,Organic,484.49
2023-12-24,Organic,368.28
2023-12-25,Organic,365.46
2023-12-26,Organic,324.54
2023-12-27,Organic,492.77
2023-12-28,Organic,614.8
2023-12-29,Organic,458.5
2023-12-30,Organic,483.79
2023-12-31,Organic,389.93
2024-01-01,Organic,498.6
2024-01-02,Organic,463.12
2024-01-03,Organic,520.97
2024-01-04,Organic,584.72
2024-01-05,Organic,574.4
2024-01-06,Organic,697.23
2024-01-07,Organic,523.56
2024-01-08,Organic,336.84
2024-01-09,Organic,269.21
2024-01-10,Organic,431.18
2024-01-11,Organic,507.21
2024-01-12,Organic,343.88
2024-01-13,Organic,301.49
2024-01-14,Organic,150.76
2024-01-15,Organic,491.29
2024-01-16,Organic,394.29
2024-01-17,Organic,407.93
2024-01-18,Organic,348.24
2024-01-19,Organic,434.44
2024-01-20,Organic,538.19
2024-01-21,Organic,550.01
2024-01-22,Organic,392.07
2024-01-23,Organic,519.22
2024-01-24,Organic,460.99
2024-01-25,Organic,492.42
2024-01-26,Organic,449.74
2024-01-27,Organic,525.01
2024-01-28,Organic,453.2
2024-01-29,Organic,402.48
2024-01-30,Organic,545.96
2024-01-31,Organic,422.09
2024-02-01,Organic,309.53
2024-02-02,Organic,462.99
2024-02-03,Organic,530.9
2024-02-04,Organic,261.09
2024-02-05,Organic,487.94
2024-02-06,Organic,482.34
2024-02-07,Organic,391.04
2024-02-08,Organic,395.63
2024-02-09,Organic,268.11
2024-02-10,Organic,355.28
2024-02-11,Organic,537.84
2024-02-12,Organic,465.82
2024-02-13,Organic,564.77
2024-02-14,Organic,407.36
2024-02-15,Organic,290.67
2024-02-16,Organic,302.38
2024-02-17,Organic,319.53
2024-02-18,Organic,458.38
2024-02-19,Organic,159.48
2024-02-20,Organic,367.5
2024-02-21,Organic,493.62
2024-02-22,Organic,397.03
2024-02-23,Organic,758.37
2024-02-24,Organic,318.75
2024-02-25,Organic,437.47
2024-02-26,Organic,311.46
2024-02-27,Organic,252.76
2024-02-28,Organic,360.49
2024-02-29,Organic,411.32
2024-03-01,Organic,423.31
2024-03-02,Organic,594.1
2024-03-03,Organic,302.17
2024-03-04,Organic,494.71
2024-03-05,Organic,286.83
2024-03-06,Organic,404.2
2024-03-07,Organic,466.67
2024-03-08,Organic,488.91
2024-03-09,Organic,407.98
2024-03-10,Organic,453.64
2024-03-11,Organic,139.2
2024-03-12,Organic,445.25
2024-03-13,Organic,656.31
2024-03-14,Organic,320.26
2024-03-15,Organic,584.86
2024-03-16,Organic,544.64
2024-03-17,Organic,389.37
2024-03-18,Organic,578.29
2024-03-19,Organic,420.39
2024-03-20,Organic,735.45
2024-03-21,Organic,459.4
2024-03-22,Organic,316.61
2024-03-23,Organic,694.84
2024-03-24,Organic,589.54
2024-03-25,Organic,475.64
2024-03-26,Organic,506.64
2024-03-27,Organic,329.63
2024-03-28,Organic,339.41
2024-03-29,Organic,302.81
2024-03-30,Organic,543.13
2024-03-31,Organic,343.07
2024-04-01,Organic,579.55
2024-04-02,Organic,482.24
2024-04-03,Organic,453.72
2024-04-04,Organic,532.12
2024-04-05,Organic,382.92
2024-04-06,Organic,543.52
2024-04-07,Organic,424.29
2024-04-08,Organic,509.85
2024-04-09,Organic,459.42
2024-04-10,Organic,438.15
2024-04-11,Organic,439.07
2024-04-12,Organic,264.77
2024-04-13,Organic,604.63
2024-04-14,Organic,194.18
2024-04-15,Organic,396.44
2024-04-16,Organic,531.87
2024-04-17,Organic,240.2
2024-04-18,Organic,420.68
2024-04-19,Organic,438.01
2024-04-20,Organic,369.29
2024-04-21,Organic,418.83
2024-04-22,Organic,401.99
2024-04-23,Organic,449.83
2024-04-24,Organic,466.91
2024-04-25,Organic,306.81
2024-04-26,Organic,453.05
2024-04-27,Organic,254.04
2024-04-28,Organic,339.53
2024-04-29,Organic,507.86
2024-04-30,Organic,500.29
2024-05-01,Organic,228.4
2024-05-02,Organic,346.04
2024-05-03,Organic,525.16
2024-05-04,Organic,620.04
2024-05-05,Organic,556.86
2024-05-06,Organic,357.99
2024-05-07,Organic,315.68
2024-05-08,Organic,391.29
2024-05-09,Organic,478.19
2024-05-10,Organic,525.8
2024-05-11,Organic,394.76
2024-05-12,Organic,302.68
2024-05-13,Organic,464.53
2024-05-14,Organic,492.0
2024-05-15,Organic,471.92
2024-05-16,Organic,541.51
2024-05-17,Organic,376.73
2024-05-18,Organic,486.69
2024-05-19,Organic,463.88
2024-05-20,Organic,407.08
2024-05-21,Organic,392.83
2024-05-22,Organic,524.12
2024-05-23,Organic,483.74
2024-05-24,Organic,380.79
2024-05-25,Organic,459.39
2024-05-26,Organic,554.3
2024-05-27,Organic,410.08
2024-05-28,Organic,324.37
2024-05-29,Organic,487.2
2024-05-30,Organic,600.0
2024-05-31,Organic,477.62
2024-06-01,Organic,242.86
2024-06-02,Organic,476.14
2024-06-03,Organic,305.58
2024-06-04,Organic,458.73
2024-06-05,Organic,323.94
2024-06-06,Organic,465.52
2024-06-07,Organic,445.9
2024-06-08,Organic,345.81
2024-06-09,Organic,372.3
2024-06-10,Organic,632.62
2024-06-11,Organic,552.94
2024-06-12,Organic,467.22
2024-06-13,Organic,578.02
2024-06-14,Organic,426.37
2024-06-15,Organic,327.03
2024-06-16,Organic,503.98
2024-06-17,Organic,474.2
2024-06-18,Organic,548.19
2024-06-19,Organic,400.07
2024-06-20,Organic,426.1
2024-06-21,Organic,323.17
2024-06-22,Organic,518.8
2024-06-23,Organic,532.09
2024-06-24,Organic,280.87
2024-06-25,Organic,454.12
2024-06-26,Organic,468.93
2024-06-27,Organic,532.38
2024-06-28,Organic,474.94
2024-06-29,Organic,441.96
2024-06-30,Organic,136.04
2024-07-01,Organic,594.64
2024-07-02,Organic,381.82
2024-07-03,Organic,569.64
2024-07-04,Organic,534.06
2024-07-05,Organic,484.16
2024-07-06,Organic,378.88
2024-07-07,Organic,472.06
2024-07-08,Organic,329.2
2024-07-09,Organic,547.61
2024-07-10,Organic,537.11
2024-07-11,Organic,498.61
2024-07-12,Organic,517.58
2024-07-13,Organic,374.07
2024-07-14,Organic,631.86
2024-07-15,Organic,471.88
2024-07-16,Organic,436.8
2024-07-17,Organic,417.31
2024-07-18,Organic,434.02
2024-07-19,Organic,487.91
2024-07-20,Organic,306.62
2024-07-21,Organic,471.83
2024-07-22,Organic,584.85
2024-07-23,Organic,405.6
2024-07-24,Organic,419.38
2024-07-25,Organic,459.48
2024-07-26,Organic,430.4
2024-07-27,Organic,424.43
2024-07-28,Organic,349.73
2024-07-29,Organic,338.21
2024-07-30,Organic,527.41
2024-07-31,Organic,607.02
2024-08-01,Organic,413.6
2024-08-02,Organic,275.27
2024-08-03,Organic,386.97
2024-08-04,Organic,220.86
2024-08-05,Organic,233.79
2024-08-06,Organic,347.49
2024-08-07,Organic,460.95
2024-08-08,Organic,411.18
2024-08-09,Organic,411.51
2024-08-10,Organic,544.39
2024-08-11,Organic,396.4
2024-08-12,Organic,212.08
2024-08-13,Organic,653.23
2024-08-14,Organic,354.36
2024-08-15,Organic,574.84
2024-08-16,Organic,394.42
2024-08-17,Organic,629.8
2024-08-18,Organic,385.37
2024-08-19,Organic,538.87
2024-08-20,Organic,516.71
2024-08-21,Organic,346.04
2024-08-22,Organic,715.55
2024-08-23,Organic,487.52
2024-08-24,Organic,581.47
2024-08-25,Organic,399.75
2024-08-26,Organic,517.51
2024-08-27,Organic,482.39
2024-08-28,Organic,472.2
2024-08-29,Organic,441.57
2024-08-30,Organic,416.92
2024-08-31,Organic,362.48
2024-09-01,Organic,529.59
2024-09-02,Organic,397.48
2024-09-03,Organic,409.45
2024-09-04,Organic,432.72
2024-09-05,Organic,617.83
2024-09-06,Organic,196.91
2024-09-07,Organic,387.4
2024-09-08,Organic,241.96
2024-09-09,Organic,403.37
2024-09-10,Organic,615.27
2024-09-11,Organic,484.79
2024-09-12,Organic,368.02
2024-09-13,Organic,378.58
2024-09-14,Organic,320.34
2024-09-15,Organic,426.04
2024-09-16,Organic,576.39
2024-09-17,Organic,500.66
2024-09-18,Organic,535.4
2024-09-19,Organic,367.74
2024-09-20,Organic,392.12
2024-09-21,Organic,661.73
2024-09-22,Organic,380.74
2024-09-23,Organic,416.57
2024-09-24,Organic,355.56
2024-09-25,Organic,493.28
2024-09-26,Organic,726.09
2024-09-27,Organic,569.86
2024-09-28,Organic,536.96
2024-09-29,Organic,481.29
2024-09-30,Organic,478.59
2024-10-01,Organic,471.17
2024-10-02,Organic,205.03
2024-10-03,Organic,521.65
2024-10-04,Organic,534.79
2024-10-05,Organic,197.26
2024-10-06,Organic,385.26
2024-10-07,Organic,437.1
2024-10-08,Organic,525.65
2024-10-09,Organic,480.91
2024-10-10,Organic,415.47
2024-10-11,Organic,448.63
2024-10-12,Organic,535.67
2024-10-13,Organic,315.27
2024-10-14,Organic,195.78
2024-10-15,Organic,769.32
2024-10-16,Organic,327.77
2024-10-17,Organic,343.64
2024-10-18,Organic,650.07
2024-10-19,Organic,609.28
2024-10-20,Organic,601.17
2024-10-21,Organic,464.08
2024-10-22,Organic,564.91
2024-10-23,Organic,490.88
2024-10-24,Organic,547.3
2024-10-25,Organic,294.07
2024-10-26,Organic,594.76
2024-10-27,Organic,637.76
2024-10-28,Organic,419.3
2024-10-29,Organic,336.38
2024-10-30,Organic,400.42
2024-10-31,Organic,351.36
2024-11-01,Organic,387.35
2024-11-02,Organic,380.49
2024-11-03,Organic,432.37
2024-11-04,Organic,570.22
2024-11-05,Organic,559.21
2024-11-06,Organic,489.72
2024-11-07,Organic,642.9
2024-11-08,Organic,631.31
2024-11-09,Organic,576.58
2024-11-10,Organic,537.62
2024-11-11,Organic,603.54
2024-11-12,Organic,446.12
2024-11-13,Organic,327.43
2024-11-14,Organic,657.6
2024-11-15,Organic,414.17
2024-11-16,Organic,371.35
2024-11-17,Organic,458.82
2024-11-18,Organic,332.27
2024-11-19,Organic,528.97
2024-11-20,Organic,470.86
2024-11-21,Organic,518.37
2024-11-22,Organic,137.08
2024-11-23,Organic,277.87
2024-11-24,Organic,351.71
2024-11-25,Organic,337.78
2024-11-26,Organic,536.83
2024-11-27,Organic,629.79
2024-11-28,Organic,403.64
2024-11-29,Organic,415.09
2024-11-30,Organic,333.34
2024-12-01,Organic,388.55
2024-12-02,Organic,441.09
2024-12-03,Organic,327.14
2024-12-04,Organic,439.73
2024-12-05,Organic,311.42
2024-12-06,Organic,337.93
2024-12-07,Organic,496.17
2024-12-08,Organic,438.12
2024-12-09,Organic,426.73
2024-12-10,Organic,257.14
2024-12-11,Organic,452.62
2024-12-12,Organic,352.37
2024-12-13,Organic,438.06
2024-12-14,Organic,504.95
2024-12-15,Organic,414.89
2024-12-16,Organic,354.29
2024-12-17,Organic,670.12
2024-12-18,Organic,353.69
2024-12-19,Organic,519.52
2024-12-20,Organic,478.44
2024-12-21,Organic,555.24
2024-12-22,Organic,588.34
2024-12-23,Organic,403.55
2024-12-24,Organic,450.67
2024-12-25,Organic,435.27
2024-12-26,Organic,531.68
2024-12-27,Organic,435.98
2024-12-28,Organic,493.38
2024-12-29,Organic,556.32
2024-12-30,Organic,483.36
2024-12-31,Organic,378.79
2023-01-01,Referral,511.74
2023-01-02,Referral,468.46
2023-01-03,Referral,446.72
2023-01-04,Referral,417.54
2023-01-05,Referral,367.48
2023-01-06,Referral,451.91
2023-01-07,Referral,226.35
2023-01-08,Referral,195.17
2023-01-09,Referral,388.74
2023-01-10,Referral,357.46
2023-01-11,Referral,318.11
2023-01-12,Referral,315.34
2023-01-13,Referral,283.44
2023-01-14,Referral,349.56
2023-01-15,Referral,385.78
2023-01-16,Referral,333.43
2023-01-17,Referral,309.47
2023-01-18,Referral,384.43
2023-01-19,Referral,239.41
2023-01-20,Referral,460.32
2023-01-21,Referral,523.84
2023-01-22,Referral,421.12
2023-01-23,Referral,370.38
2023-01-24,Referral,491.66
2023-01-25,Referral,485.96
2023-01-26,Referral,377.32
2023-01-27,Referral,370.27
2023-01-28,Referral,241.81
2023-01-29,Referral,315.64
2023-01-30,Referral,457.06
2023-01-31,Referral,353.13
2023-02-01,Referral,409.92
2023-02-02,Referral,391.66
2023-02-03,Referral,439.65
2023-02-04,Referral,289.14
2023-02-05,Referral,326.37
2023-02-06,Referral,356.37
2023-02-07,Referral,573.07
2023-02-08,Referral,469.36
2023-02-09,Referral,471.17
2023-02-10,Referral,220.74
2023-02-11,Referral,423.22
2023-02-12,Referral,312.56
2023-02-13,Referral,386.17
2023-02-14,Referral,414.15
2023-02-15,Referral,248.12
2023-02-16,Referral,422.84
2023-02-17,Referral,393.35
2023-02-18,Referral,451.33
2023-02-19,Referral,330.42
2023-02-20,Referral,332.79
2023-02-21,Referral,317.95
2023-02-22,Referral,441.3
2023-02-23,Referral,298.43
2023-02-24,Referral,459.95
2023-02-25,Referral,317.3
2023-02-26,Referral,314.06
2023-02-27,Referral,274.46
2023-02-28,Referral,281.68
2023-03-01,Referral,274.11
2023-03-02,Referral,437.85
2023-03-03,Referral,223.37
2023-03-04,Referral,463.22
2023-03-05,Referral,298.72
2023-03-06,Referral,378.69
2023-03-07,Referral,334.83
2023-03-08,Referral,215.07
2023-03-09,Referral,359.92
2023-03-10,Referral,273.58
2023-03-11,Referral,337.52
2023-03-12,Referral,351.96
2023-03-13,Referral,222.17
2023-03-14,Referral,412.52
2023-03-15,Referral,370.8
2023-03-16,Referral,400.08
2023-03-17,Referral,360.59
2023-03-18,Referral,319.62
2023-03-19,Referral,365.6
2023-03-20,Referral,316.38
2023-03-21,Referral,321.61
2023-03-22,Referral,390.31
2023-03-23,Referral,298.91
2023-03-24,Referral,399.9
2023-03-25,Referral,463.08
2023-03-26,Referral,315.87
2023-03-27,Referral,333.89
2023-03-28,Referral,296.7
2023-03-29,Referral,311.86
2023-03-30,Referral,417.01
2023-03-31,Referral,359.6
2023-04-01,Referral,465.53
2023-04-02,Referral,332.94
2023-04-03,Referral,398.9
2023-04-04,Referral,293.83
2023-04-05,Referral,475.94
2023-04-06,Referral,306.54
2023-04-07,Referral,272.28
2023-04-08,Referral,193.78
2023-04-09,Referral,215.15
2023-04-10,Referral,374.96
2023-04-11,Referral,433.27
2023-04-12,Referral,355.15
2023-04-13,Referral,465.67
2023-04-14,Referral,246.75
2023-04-15,Referral,419.35
2023-04-16,Referral,420.39
2023-04-17,Referral,345.33
2023-04-18,Referral,351.6
2023-04-19,Referral,474.25
2023-04-20,Referral,393.27
2023-04-21,Referral,400.64
2023-04-22,Referral,311.95
2023-04-23,Referral,387.69
2023-04-24,Referral,387.48
2023-04-25,Referral,362.29
2023-04-26,Referral,304.2
2023-04-27,Referral,380.06
2023-04-28,Referral,315.68
2023-04-29,Referral,338.37
2023-04-30,Referral,186.93
2023-05-01,Referral,241.29
2023-05-02,Referral,291.8
2023-05-03,Referral,283.91
2023-05-04,Referral,414.2
2023-05-05,Referral,344.0
2023-05-06,Referral,317.95
2023-05-07,Referral,215.78
2023-05-08,Referral,345.02
2023-05-09,Referral,340.62
2023-05-10,Referral,377.48
2023-05-11,Referral,347.29
2023-05-12,Referral,411.15
2023-05-13,Referral,387.01
2023-05-14,Referral,496.06
2023-05-15,Referral,476.83
2023-05-16,Referral,462.27
2023-05-17,Referral,189.0
2023-05-18,Referral,421.7
2023-05-19,Referral,348.17
2023-05-20,Referral,170.38
2023-05-21,Referral,271.14
2023-05-22,Referral,434.75
2023-05-23,Referral,359.38
2023-05-24,Referral,377.43
2023-05-25,Referral,254.11
2023-05-26,Referral,409.82
2023-05-27,Referral,293.77
2023-05-28,Referral,281.14
2023-05-29,Referral,223.34
2023-05-30,Referral,417.27
2023-05-31,Referral,469.76
2023-06-01,Referral,491.05
2023-06-02,Referral,377.9
2023-06-03,Referral,424.71
2023-06-04,Referral,286.63
2023-06-05,Referral,427.59
2023-06-06,Referral,364.35
2023-06-07,Referral,147.12
2023-06-08,Referral,415.94
2023-06-09,Referral,328.45
2023-06-10,Referral,392.99
2023-06-11,Referral,240.35
2023-06-12,Referral,361.27
2023-06-13,Referral,283.48
2023-06-14,Referral,524.26
2023-06-15,Referral,396.04
2023-06-16,Referral,214.32
2023-06-17,Referral,544.13
2023-06-18,Referral,420.02
2023-06-19,Referral,279.56
2023-06-20,Referral,229.73
2023-06-21,Referral,188.24
2023-06-22,Referral,429.4
2023-06-23,Referral,242.79
2023-06-24,Referral,342.38
2023-06-25,Referral,232.04
2023-06-26,Referral,371.13
2023-06-27,Referral,342.01
2023-06-28,Referral,294.03
2023-06-29,Referral,204.84
2023-06-30,Referral,331.89
2023-07-01,Referral,327.62
2023-07-02,Referral,328.8
2023-07-03,Referral,295.72
2023-07-04,Referral,250.82
2023-07-05,Referral,278.78
2023-07-06,Referral,370.56
2023-07-07,Referral,379.51
2023-07-08,Referral,254.1
2023-07-09,Referral,336.89
2023-07-10,Referral,418.78
2023-07-11,Referral,238.4
2023-07-12,Referral,411.63
2023-07-13,Referral,529.4
2023-07-14,Referral,381.83
2023-07-15,Referral,318.19
2023-07-16,Referral,353.28
2023-07-17,Referral,598.85
2023-07-18,Referral,351.82
2023-07-19,Referral,268.83
2023-07-20,Referral,310.78
2023-07-21,Referral,453.72
2023-07-22,Referral,322.46
2023-07-23,Referral,272.06
2023-07-24,Referral,494.55
2023-07-25,Referral,294.35
2023-07-26,Referral,275.6
2023-07-27,Referral,304.01
2023-07-28,Referral,285.4
2023-07-29,Referral,334.38
2023-07-30,Referral,364.97
2023-07-31,Referral,260.29
2023-08-01,Referral,396.78
2023-08-02,Referral,368.65
2023-08-03,Referral,354.78
2023-08-04,Referral,395.95
2023-08-05,Referral,420.12
2023-08-06,Referral,117.22
2023-08-07,Referral,459.15
2023-08-08,Referral,334.8
2023-08-09,Referral,312.04
2023-08-10,Referral,522.48
2023-08-11,Referral,366.22
2023-08-12,Referral,216.29
2023-08-13,Referral,221.04
2023-08-14,Referral,349.69
2023-08-15,Referral,317.27
2023-08-16,Referral,331.67
2023-08-17,Referral,237.19
2023-08-18,Referral,250.91
2023-08-19,Referral,323.61
2023-08-20,Referral,308.81
2023-08-21,Referral,308.54
2023-08-22,Referral,456.48
2023-08-23,Referral,424.29
2023-08-24,Referral,299.01
2023-08-25,Referral,274.44
2023-08-26,Referral,422.93
2023-08-27,Referral,267.18
2023-08-28,Referral,261.98
2023-08-29,Referral,303.65
2023-08-30,Referral,430.56
2023-08-31,Referral,331.39
2023-09-01,Referral,430.87
2023-09-02,Referral,395.58
2023-09-03,Referral,276.7
2023-09-04,Referral,521.14
2023-09-05,Referral,370.16
2023-09-06,Referral,382.96
2023-09-07,Referral,307.38
2023-09-08,Referral,260.73
2023-09-09,Referral,204.79
2023-09-10,Referral,343.2
2023-09-11,Referral,371.4
2023-09-12,Referral,142.3
2023-09-13,Referral,395.55
2023-09-14,Referral,402.83
2023-09-15,Referral,346.61
2023-09-16,Referral,408.13
2023-09-17,Referral,237.06
2023-09-18,Referral,482.53
2023-09-19,Referral,320.73
2023-09-20,Referral,273.47
2023-09-21,Referral,282.05
2023-09-22,Referral,358.14
2023-09-23,Referral,290.22
2023-09-24,Referral,262.33
2023-09-25,Referral,196.75
2023-09-26,Referral,382.33
2023-09-27,Referral,423.21
2023-09-28,Referral,288.64
2023-09-29,Referral,396.54
2023-09-30,Referral,400.99
2023-10-01,Referral,441.96
2023-10-02,Referral,386.98
2023-10-03,Referral,397.61
2023-10-04,Referral,457.18
2023-10-05,Referral,397.5
2023-10-06,Referral,361.4
2023-10-07,Referral,382.72
2023-10-08,Referral,264.72
2023-10-09,Referral,348.85
2023-10-10,Referral,524.43
2023-10-11,Referral,298.76
2023-10-12,Referral,260.7
2023-10-13,Referral,464.3
2023-10-14,Referral,285.13
2023-10-15,Referral,341.83
2023-10-16,Referral,362.79
2023-10-17,Referral,360.04
2023-10-18,Referral,447.05
2023-10-19,Referral,181.4
2023-10-20,Referral,412.68
2023-10-21,Referral,454.66
2023-10-22,Referral,330.51
2023-10-23,Referral,437.23
2023-10-24,Referral,587.04
2023-10-25,Referral,452.84
2023-10-26,Referral,346.86
2023-10-27,Referral,226.15
2023-10-28,Referral,336.78
2023-10-29,Referral,430.29
2023-10-30,Referral,391.4
2023-10-31,Referral,263.03
2023-11-01,Referral,474.91
2023-11-02,Referral,345.38
2023-11-03,Referral,237.75
2023-11-04,Referral,277.78
2023-11-05,Referral,254.98
2023-11-06,Referral,557.79
2023-11-07,Referral,320.09
2023-11-08,Referral,351.55
2023-11-09,Referral,272.18
2023-11-10,Referral,386.14
2023-11-11,Referral,378.15
2023-11-12,Referral,419.45
2023-11-13,Referral,452.79
2023-11-14,Referral,415.3
2023-11-15,Referral,374.71
2023-11-16,Referral,390.13
2023-11-17,Referral,464.18
2023-11-18,Referral,249.47
2023-11-19,Referral,301.04
2023-11-20,Referral,231.02
2023-11-21,Referral,233.45
2023-11-22,Referral,253.54
2023-11-23,Referral,403.03
2023-11-24,Referral,517.64
2023-11-25,Referral,271.74
2023-11-26,Referral,319.05
2023-11-27,Referral,365.74
2023-11-28,Referral,358.5
2023-11-29,Referral,320.75
2023-11-30,Referral,372.57
2023-12-01,Referral,420.86
2023-12-02,Referral,284.29
2023-12-03,Referral,453.29
2023-12-04,Referral,228.75
2023-12-05,Referral,375.66
2023-12-06,Referral,259.2
2023-12-07,Referral,488.66
2023-12-08,Referral,266.76
2023-12-09,Referral,453.64
2023-12-10,Referral,269.26
2023-12-11,Referral,431.64
2023-12-12,Referral,248.87
2023-12-13,Referral,290.33
2023-12-14,Referral,340.64
2023-12-15,Referral,300.12
2023-12-16,Referral,215.88
2023-12-17,Referral,359.15
2023-12-18,Referral,445.56
2023-12-19,Referral,331.99
2023-12-20,Referral,203.97
2023-12-21,Referral,262.25
2023-12-22,Referral,371.48
2023-12-23,Referral,386.39
2023-12-24,Referral,354.17
2023-12-25,Referral,311.47
2023-12-26,Referral,453.98
2023-12-27,Referral,401.61
2023-12-28,Referral,243.08
2023-12-29,Referral,514.35
2023-12-30,Referral,394.59
2023-12-31,Referral,389.4
2024-01-01,Referral,304.2
2024-01-02,Referral,439.38
2024-01-03,Referral,439.04
2024-01-04,Referral,351.93
2024-01-05,Referral,272.74
2024-01-06,Referral,375.66
2024-01-07,Referral,438.51
2024-01-08,Referral,352.58
2024-01-09,Referral,376.78
2024-01-10,Referral,349.56
2024-01-11,Referral,251.02
2024-01-12,Referral,485.08
2024-01-13,Referral,298.25
2024-01-14,Referral,394.54
2024-01-15,Referral,459.66
2024-01-16,Referral,394.97
2024-01-17,Referral,369.4
2024-01-18,Referral,369.41
2024-01-19,Referral,294.29
2024-01-20,Referral,440.19
2024-01-21,Referral,394.92
2024-01-22,Referral,414.79
2024-01-23,Referral,456.77
2024-01-24,Referral,392.59
2024-01-25,Referral,420.94
2024-01-26,Referral,356.29
2024-01-27,Referral,234.63
2024-01-28,Referral,361.13
2024-01-29,Referral,416.69
2024-01-30,Referral,516.38
2024-01-31,Referral,405.95
2024-02-01,Referral,347.8
2024-02-02,Referral,400.05
2024-02-03,Referral,268.45
2024-02-04,Referral,119.34
2024-02-05,Referral,430.85
2024-02-06,Referral,266.34
2024-02-07,Referral,216.85
2024-02-08,Referral,239.98
2024-02-09,Referral,202.39
2024-02-10,Referral,407.29
2024-02-11,Referral,135.82
2024-02-12,Referral,397.79
2024-02-13,Referral,332.21
2024-02-14,Referral,321.63
2024-02-15,Referral,433.21
2024-02-16,Referral,436.25
2024-02-17,Referral,365.57
2024-02-18,Referral,366.41
2024-02-19,Referral,369.14
2024-02-20,Referral,286.5
2024-02-21,Referral,540.91
2024-02-22,Referral,518.71
2024-02-23,Referral,176.03
2024-02-24,Referral,273.65
2024-02-25,Referral,410.13
2024-02-26,Referral,399.42
2024-02-27,Referral,202.44
2024-02-28,Referral,436.39
2024-02-29,Referral,414.19
2024-03-01,Referral,151.13
2024-03-02,Referral,464.66
2024-03-03,Referral,260.52
2024-03-04,Referral,401.92
2024-03-05,Referral,323.83
2024-03-06,Referral,255.17
2024-03-07,Referral,263.38
2024-03-08,Referral,264.46
2024-03-09,Referral,360.21
2024-03-10,Referral,225.8
2024-03-11,Referral,398.37
2024-03-12,Referral,205.59
2024-03-13,Referral,482.16
2024-03-14,Referral,258.78
2024-03-15,Referral,376.13
2024-03-16,Referral,455.56
2024-03-17,Referral,427.6
2024-03-18,Referral,357.4
2024-03-19,Referral,269.74
2024-03-20,Referral,202.44
2024-03-21,Referral,298.62
2024-03-22,Referral,401.13
2024-03-23,Referral,448.95
2024-03-24,Referral,402.21
2024-03-25,Referral,227.45
2024-03-26,Referral,235.13
2024-03-27,Referral,527.98
2024-03-28,Referral,332.87
2024-03-29,Referral,397.44
2024-03-30,Referral,281.79
2024-03-31,Referral,386.5
2024-04-01,Referral,461.08
2024-04-02,Referral,316.26
2024-04-03,Referral,322.55
2024-04-04,Referral,352.27
2024-04-05,Referral,333.63
2024-04-06,Referral,314.82
2024-04-07,Referral,399.41
2024-04-08,Referral,420.78
2024-04-09,Referral,357.56
2024-04-10,Referral,545.87
2024-04-11,Referral,328.26
2024-04-12,Referral,359.47
2024-04-13,Referral,220.38
2024-04-14,Referral,403.87
2024-04-15,Referral,322.27
2024-04-16,Referral,475.1
2024-04-17,Referral,289.47
2024-04-18,Referral,369.47
2024-04-19,Referral,191.58
2024-04-20,Referral,155.17
2024-04-21,Referral,461.5
2024-04-22,Referral,431.94
2024-04-23,Referral,368.07
2024-04-24,Referral,379.49
2024-04-25,Referral,351.64
2024-04-26,Referral,402.21
2024-04-27,Referral,393.13
2024-04-28,Referral,265.6
2024-04-29,Referral,306.43
2024-04-30,Referral,362.6
2024-05-01,Referral,339.14
2024-05-02,Referral,347.38
2024-05-03,Referral,209.46
2024-05-04,Referral,265.5
2024-05-05,Referral,281.1
2024-05-06,Referral,218.57
2024-05-07,Referral,385.99
2024-05-08,Referral,483.55
2024-05-09,Referral,260.66
2024-05-10,Referral,441.73
2024-05-11,Referral,265.62
2024-05-12,Referral,452.97
2024-05-13,Referral,349.57
2024-05-14,Referral,371.07
2024-05-15,Referral,370.9
2024-05-16,Referral,521.95
2024-05-17,Referral,462.13
2024-05-18,Referral,269.48
2024-05-19,Referral,287.37
2024-05-20,Referral,380.27
2024-05-21,Referral,428.46
2024-05-22,Referral,145.29
2024-05-23,Referral,315.29
2024-05-24,Referral,502.55
2024-05-25,Referral,362.43
2024-05-26,Referral,298.6
2024-05-27,Referral,303.92
2024-05-28,Referral,320.47
2024-05-29,Referral,194.06
2024-05-30,Referral,400.36
2024-05-31,Referral,229.31
2024-06-01,Referral,278.01
2024-06-02,Referral,255.47
2024-06-03,Referral,363.36
2024-06-04,Referral,426.81
2024-06-05,Referral,410.95
2024-06-06,Referral,331.11
2024-06-07,Referral,272.72
2024-06-08,Referral,430.71
2024-06-09,Referral,470.22
2024-06-10,Referral,199.37
2024-06-11,Referral,346.47
2024-06-12,Referral,269.52
2024-06-13,Referral,276.03
2024-06-14,Referral,375.09
2024-06-15,Referral,306.33
2024-06-16,Referral,278.41
2024-06-17,Referral,247.85
2024-06-18,Referral,363.88
2024-06-19,Referral,118.94
2024-06-20,Referral,506.01
2024-06-21,Referral,415.41
2024-06-22,Referral,326.9
2024-06-23,Referral,358.84
2024-06-24,Referral,411.03
2024-06-25,Referral,472.08
2024-06-26,Referral,419.85
2024-06-27,Referral,269.82
2024-06-28,Referral,349.85
2024-06-29,Referral,286.1
2024-06-30,Referral,389.41
2024-07-01,Referral,432.34
2024-07-02,Referral,343.52
2024-07-03,Referral,368.42
2024-07-04,Referral,331.53
2024-07-05,Referral,248.3
2024-07-06,Referral,417.55
2024-07-07,Referral,373.37
2024-07-08,Referral,261.38
2024-07-09,Referral,226.6
2024-07-10,Referral,362.65
2024-07-11,Referral,316.58
2024-07-12,Referral,210.98
2024-07-13,Referral,334.72
2024-07-14,Referral,399.63
2024-07-15,Referral,406.41
2024-07-16,Referral,413.21
2024-07-17,Referral,333.4
2024-07-18,Referral,363.25
2024-07-19,Referral,388.44
2024-07-20,Referral,239.41
2024-07-21,Referral,484.37
2024-07-22,Referral,365.06
2024-07-23,Referral,290.02
2024-07-24,Referral,420.96
2024-07-25,Referral,224.78
2024-07-26,Referral,339.04
2024-07-27,Referral,361.06
2024-07-28,Referral,321.38
2024-07-29,Referral,329.36
2024-07-30,Referral,525.92
2024-07-31,Referral,399.94
2024-08-01,Referral,326.32
2024-08-02,Referral,304.56
2024-08-03,Referral,194.98
2024-08-04,Referral,208.45
2024-08-05,Referral,321.8
2024-08-06,Referral,328.86
2024-08-07,Referral,343.55
2024-08-08,Referral,246.58
2024-08-09,Referral,298.56
2024-08-10,Referral,345.48
2024-08-11,Referral,252.47
2024-08-12,Referral,339.72
2024-08-13,Referral,421.39
2024-08-14,Referral,368.47
2024-08-15,Referral,367.69
2024-08-16,Referral,281.65
2024-08-17,Referral,319.02
2024-08-18,Referral,284.7
2024-08-19,Referral,465.97
2024-08-20,Referral,308.61
2024-08-21,Referral,236.28
2024-08-22,Referral,478.05
2024-08-23,Referral,403.03
2024-08-24,Referral,298.45
2024-08-25,Referral,217.3
2024-08-26,Referral,397.82
2024-08-27,Referral,213.21
2024-08-28,Referral,347.66
2024-08-29,Referral,260.09
2024-08-30,Referral,349.35
2024-08-31,Referral,355.17
2024-09-01,Referral,435.04
2024-09-02,Referral,364.42
2024-09-03,Referral,382.32
2024-09-04,Referral,333.29
2024-09-05,Referral,185.98
2024-09-06,Referral,364.64
2024-09-07,Referral,447.27
2024-09-08,Referral,274.63
2024-09-09,Referral,309.86
2024-09-10,Referral,402.74
2024-09-11,Referral,541.64
2024-09-12,Referral,320.97
2024-09-13,Referral,327.78
2024-09-14,Referral,520.9
2024-09-15,Referral,296.29
2024-09-16,Referral,187.86
2024-09-17,Referral,454.37
2024-09-18,Referral,289.06
2024-09-19,Referral,372.78
2024-09-20,Referral,318.04
2024-09-21,Referral,374.51
2024-09-22,Referral,222.5
2024-09-23,Referral,336.11
2024-09-24,Referral,545.02
2024-09-25,Referral,438.61
2024-09-26,Referral,299.38
2024-09-27,Referral,296.19
2024-09-28,Referral,232.69
2024-09-29,Referral,443.09
2024-09-30,Referral,371.04
2024-10-01,Referral,429.69
2024-10-02,Referral,377.3
2024-10-03,Referral,430.98
2024-10-04,Referral,229.88
2024-10-05,Referral,275.39
2024-10-06,Referral,436.67
2024-10-07,Referral,409.99
2024-10-08,Referral,207.02
2024-10-09,Referral,290.04
2024-10-10,Referral,363.3
2024-10-11,Referral,307.22
2024-10-12,Referral,243.57
2024-10-13,Referral,327.68
2024-10-14,Referral,328.59
2024-10-15,Referral,409.51
2024-10-16,Referral,469.17
2024-10-17,Referral,285.95
2024-10-18,Referral,232.15
2024-10-19,Referral,258.98
2024-10-20,Referral,368.39
2024-10-21,Referral,348.31
2024-10-22,Referral,343.37
2024-10-23,Referral,256.26
2024-10-24,Referral,410.94
2024-10-25,Referral,340.53
2024-10-26,Referral,268.13
2024-10-27,Referral,447.4
2024-10-28,Referral,345.63
2024-10-29,Referral,244.43
2024-10-30,Referral,331.65
2024-10-31,Referral,436.72
2024-11-01,Referral,324.03
2024-11-02,Referral,263.98
2024-11-03,Referral,276.68
2024-11-04,Referral,411.99
2024-11-05,Referral,361.31
2024-11-06,Referral,501.65
2024-11-07,Referral,380.24
2024-11-08,Referral,516.45
2024-11-09,Referral,387.28
2024-11-10,Referral,284.51
2024-11-11,Referral,370.4
2024-11-12,Referral,387.39
2024-11-13,Referral,205.08
2024-11-14,Referral,408.73
2024-11-15,Referral,350.43
2024-11-16,Referral,381.61
2024-11-17,Referral,435.96
2024-11-18,Referral,239.32
2024-11-19,Referral,302.8
2024-11-20,Referral,338.14
2024-11-21,Referral,364.49
2024-11-22,Referral,317.45
2024-11-23,Referral,410.96
2024-11-24,Referral,375.0
2024-11-25,Referral,295.52
2024-11-26,Referral,287.15
2024-11-27,Referral,368.54
2024-11-28,Referral,357.97
2024-11-29,Referral,443.21
2024-11-30,Referral,516.44
2024-12-01,Referral,159.27
2024-12-02,Referral,98.73
2024-12-03,Referral,332.99
2024-12-04,Referral,216.54
2024-12-05,Referral,367.32
2024-12-06,Referral,376.07
2024-12-07,Referral,417.23
2024-12-08,Referral,420.22
2024-12-09,Referral,474.59
2024-12-10,Referral,161.0
2024-12-11,Referral,458.89
2024-12-12,Referral,443.13
2024-12-13,Referral,289.79
2024-12-14,Referral,368.03
2024-12-15,Referral,294.28
2024-12-16,Referral,299.81
2024-12-17,Referral,376.25
2024-12-18,Referral,436.66
2024-12-19,Referral,307.78
2024-12-20,Referral,342.76
2024-12-21,Referral,383.52
2024-12-22,Referral,157.25
2024-12-23,Referral,322.73
2024-12-24,Referral,370.8
2024-12-25,Referral,259.97
2024-12-26,Referral,347.29
2024-12-27,Referral,390.33
2024-12-28,Referral,315.74
2024-12-29,Referral,242.26
2024-12-30,Referral,283.7
2024-12-31,Referral,181.95
2023-01-01,Social,729.67
2023-01-02,Social,638.33
2023-01-03,Social,841.47
2023-01-04,Social,760.65
2023-01-05,Social,596.93
2023-01-06,Social,539.72
2023-01-07,Social,581.0
2023-01-08,Social,524.33
2023-01-09,Social,856.75
2023-01-10,Social,554.09
2023-01-11,Social,610.29
2023-01-12,Social,386.04
2023-01-13,Social,685.24
2023-01-14,Social,872.72
2023-01-15,Social,526.63
2023-01-16,Social,420.34
2023-01-17,Social,772.62
2023-01-18,Social,442.42
2023-01-19,Social,424.38
2023-01-20,Social,742.77
2023-01-21,Social,806.3
2023-01-22,Social,570.43
2023-01-23,Social,444.75
2023-01-24,Social,574.22
2023-01-25,Social,739.32
2023-01-26,Social,478.21
2023-01-27,Social,658.6
2023-01-28,Social,883.03
2023-01-29,Social,681.96
2023-01-30,Social,858.98
2023-01-31,Social,712.17
2023-02-01,Social,703.77
2023-02-02,Social,660.85
2023-02-03,Social,821.36
2023-02-04,Social,625.6
2023-02-05,Social,905.89
2023-02-06,Social,489.99
2023-02-07,Social,808.75
2023-02-08,Social,605.1
2023-02-09,Social,760.6
2023-02-10,Social,545.99
2023-02-11,Social,707.47
2023-02-12,Social,993.5
2023-02-13,Social,615.9
2023-02-14,Social,576.31
2023-02-15,Social,677.28
2023-02-16,Social,524.03
2023-02-17,Social,577.87
2023-02-18,Social,511.97
2023-02-19,Social,598.59
2023-02-20,Social,581.97
2023-02-21,Social,516.87
2023-02-22,Social,537.14
2023-02-23,Social,830.88
2023-02-24,Social,756.5
2023-02-25,Social,590.01
2023-02-26,Social,747.01
2023-02-27,Social,870.22
2023-02-28,Social,364.93
2023-03-01,Social,236.67
2023-03-02,Social,725.96
2023-03-03,Social,277.38
2023-03-04,Social,630.78
2023-03-05,Social,883.25
2023-03-06,Social,675.79
2023-03-07,Social,450.92
2023-03-08,Social,614.52
2023-03-09,Social,455.19
2023-03-10,Social,482.64
2023-03-11,Social,859.43
2023-03-12,Social,824.11
2023-03-13,Social,689.95
2023-03-14,Social,650.94
2023-03-15,Social,721.77
2023-03-16,Social,747.15
2023-03-17,Social,890.6
2023-03-18,Social,955.78
2023-03-19,Social,680.93
2023-03-20,Social,304.53
2023-03-21,Social,1026.05
2023-03-22,Social,574.41
2023-03-23,Social,648.28
2023-03-24,Social,354.72
2023-03-25,Social,795.83
2023-03-26,Social,574.82
2023-03-27,Social,649.39
2023-03-28,Social,467.15
2023-03-29,Social,517.58
2023-03-30,Social,698.36
2023-03-31,Social,581.59
2023-04-01,Social,414.51
2023-04-02,Social,549.66
2023-04-03,Social,687.27
2023-04-04,Social,845.09
2023-04-05,Social,822.56
2023-04-06,Social,569.04
2023-04-07,Social,629.53
2023-04-08,Social,891.28
2023-04-09,Social,790.52
2023-04-10,Social,780.79
2023-04-11,Social,791.33
2023-04-12,Social,740.96
2023-04-13,Social,767.77
2023-04-14,Social,369.96
2023-04-15,Social,729.08
2023-04-16,Social,467.02
2023-04-17,Social,806.58
2023-04-18,Social,520.67
2023-04-19,Social,472.35
2023-04-20,Social,396.39
2023-04-21,Social,531.74
2023-04-22,Social,613.81
2023-04-23,Social,614.36
2023-04-24,Social,492.77
2023-04-25,Social,860.14
2023-04-26,Social,629.68
2023-04-27,Social,778.91
2023-04-28,Social,627.56
2023-04-29,Social,900.89
2023-04-30,Social,746.13
2023-05-01,Social,568.0
2023-05-02,Social,591.24
2023-05-03,Social,530.68
2023-05-04,Social,825.72
2023-05-05,Social,613.48
2023-05-06,Social,810.95
2023-05-07,Social,692.22
2023-05-08,Social,737.06
2023-05-09,Social,953.8
2023-05-10,Social,521.67
2023-05-11,Social,735.54
2023-05-12,Social,809.99
2023-05-13,Social,648.67
2023-05-14,Social,424.61
2023-05-15,Social,718.77
2023-05-16,Social,776.25
2023-05-17,Social,786.11
2023-05-18,Social,705.19
2023-05-19,Social,558.95
2023-05-20,Social,253.48
2023-05-21,Social,796.53
2023-05-22,Social,543.85
2023-05-23,Social,497.0
2023-05-24,Social,869.66
2023-05-25,Social,635.74
2023-05-26,Social,493.3
2023-05-27,Social,806.83
2023-05-28,Social,664.93
2023-05-29,Social,629.45
2023-05-30,Social,571.45
2023-05-31,Social,718.32
2023-06-01,Social,749.13
2023-06-02,Social,533.17
2023-06-03,Social,738.27
2023-06-04,Social,567.55
2023-06-05,Social,1050.76
2023-06-06,Social,639.43
2023-06-07,Social,886.51
2023-06-08,Social,582.14
2023-06-09,Social,574.49
2023-06-10,Social,756.19
2023-06-11,Social,728.34
2023-06-12,Social,805.9
2023-06-13,Social,715.14
2023-06-14,Social,600.38
2023-06-15,Social,533.61
2023-06-16,Social,660.7
2023-06-17,Social,580.17
2023-06-18,Social,905.19
2023-06-19,Social,858.46
2023-06-20,Social,681.19
2023-06-21,Social,663.04
2023-06-22,Social,640.8
2023-06-23,Social,511.51
2023-06-24,Social,694.43
2023-06-25,Social,851.15
2023-06-26,Social,568.68
2023-06-27,Social,777.38
2023-06-28,Social,653.91
2023-06-29,Social,738.49
2023-06-30,Social,636.22
2023-07-01,Social,633.48
2023-07-02,Social,613.64
2023-07-03,Social,570.48
2023-07-04,Social,680.79
2023-07-05,Social,604.93
2023-07-06,Social,559.33
2023-07-07,Social,705.21
2023-07-08,Social,989.59
2023-07-09,Social,985.5
2023-07-10,Social,483.28
2023-07-11,Social,945.9
2023-07-12,Social,660.52
2023-07-13,Social,712.94
2023-07-14,Social,843.91
2023-07-15,Social,888.06
2023-07-16,Social,638.95
2023-07-17,Social,641.26
2023-07-18,Social,1052.87
2023-07-19,Social,507.77
2023-07-20,Social,528.88
2023-07-21,Social,790.51
2023-07-22,Social,643.1
2023-07-23,Social,664.17
2023-07-24,Social,474.8
2023-07-25,Social,658.35
2023-07-26,Social,519.29
2023-07-27,Social,575.71
2023-07-28,Social,544.77
2023-07-29,Social,496.26
2023-07-30,Social,716.34
2023-07-31,Social,738.64
2023-08-01,Social,461.75
2023-08-02,Social,597.82
2023-08-03,Social,648.21
2023-08-04,Social,569.25
2023-08-05,Social,733.96
2023-08-06,Social,575.89
2023-08-07,Social,686.83
2023-08-08,Social,783.8
2023-08-09,Social,355.37
2023-08-10,Social,653.27
2023-08-11,Social,779.83
2023-08-12,Social,341.66
2023-08-13,Social,547.37
2023-08-14,Social,702.0
2023-08-15,Social,759.05
2023-08-16,Social,613.76
2023-08-17,Social,632.77
2023-08-18,Social,889.52
2023-08-19,Social,349.87
2023-08-20,Social,607.91
2023-08-21,Social,290.13
2023-08-22,Social,510.92
2023-08-23,Social,583.8
2023-08-24,Social,865.04
2023-08-25,Social,663.71
2023-08-26,Social,454.85
2023-08-27,Social,664.61
2023-08-28,Social,758.33
2023-08-29,Social,749.19
2023-08-30,Social,813.15
2023-08-31,Social,693.94
2023-09-01,Social,493.24
2023-09-02,Social,623.81
2023-09-03,Social,651.66
2023-09-04,Social,856.07
2023-09-05,Social,552.94
2023-09-06,Social,552.36
2023-09-07,Social,762.74
2023-09-08,Social,872.21
2023-09-09,Social,581.99
2023-09-10,Social,670.3
2023-09-11,Social,689.44
2023-09-12,Social,720.35
2023-09-13,Social,746.5
2023-09-14,Social,731.71
2023-09-15,Social,588.0
2023-09-16,Social,612.93
2023-09-17,Social,758.18
2023-09-18,Social,443.21
2023-09-19,Social,780.65
2023-09-20,Social,576.91
2023-09-21,Social,626.72
2023-09-22,Social,807.78
2023-09-23,Social,718.34
2023-09-24,Social,899.88
2023-09-25,Social,642.02
2023-09-26,Social,625.77
2023-09-27,Social,886.6
2023-09-28,Social,643.13
2023-09-29,Social,671.85
2023-09-30,Social,487.32
2023-10-01,Social,474.58
2023-10-02,Social,719.49
2023-10-03,Social,753.04
2023-10-04,Social,654.18
2023-10-05,Social,920.04
2023-10-06,Social,1040.98
2023-10-07,Social,672.57
2023-10-08,Social,692.08
2023-10-09,Social,377.24
2023-10-10,Social,633.74
2023-10-11,Social,756.16
2023-10-12,Social,361.67
2023-10-13,Social,717.47
2023-10-14,Social,736.2
2023-10-15,Social,628.25
2023-10-16,Social,457.14
2023-10-17,Social,668.12
2023-10-18,Social,438.01
2023-10-19,Social,717.78
2023-10-20,Social,696.65
2023-10-21,Social,824.98
2023-10-22,Social,477.69
2023-10-23,Social,609.61
2023-10-24,Social,830.31
2023-10-25,Social,605.29
2023-10-26,Social,832.34
2023-10-27,Social,780.17
2023-10-28,Social,753.78
2023-10-29,Social,547.1
2023-10-30,Social,526.25
2023-10-31,Social,835.69
2023-11-01,Social,659.71
2023-11-02,Social,605.92
2023-11-03,Social,848.18
2023-11-04,Social,933.06
2023-11-05,Social,423.16
2023-11-06,Social,492.42
2023-11-07,Social,770.49
2023-11-08,Social,689.79
2023-11-09,Social,630.34
2023-11-10,Social,651.21
2023-11-11,Social,844.1
2023-11-12,Social,771.62
2023-11-13,Social,864.55
2023-11-14,Social,591.96
2023-11-15,Social,768.33
2023-11-16,Social,656.93
2023-11-17,Social,774.48
2023-11-18,Social,499.64
2023-11-19,Social,756.84
2023-11-20,Social,707.45
2023-11-21,Social,528.1
2023-11-22,Social,419.32
2023-11-23,Social,869.07
2023-11-24,Social,585.98
2023-11-25,Social,747.11
2023-11-26,Social,767.41
2023-11-27,Social,615.97
2023-11-28,Social,841.26
2023-11-29,Social,915.99
2023-11-30,Social,803.98
2023-12-01,Social,662.26
2023-12-02,Social,622.35
2023-12-03,Social,529.37
2023-12-04,Social,801.93
2023-12-05,Social,454.34
2023-12-06,Social,540.01
2023-12-07,Social,420.91
2023-12-08,Social,789.21
2023-12-09,Social,711.55
2023-12-10,Social,398.83
2023-12-11,Social,811.47
2023-12-12,Social,634.7
2023-12-13,Social,631.11
2023-12-14,Social,720.08
2023-12-15,Social,732.7
2023-12-16,Social,796.26
2023-12-17,Social,621.06
2023-12-18,Social,737.67
2023-12-19,Social,653.61
2023-12-20,Social,735.94
2023-12-21,Social,686.75
2023-12-22,Social,550.75
2023-12-23,Social,557.83
2023-12-24,Social,610.2
2023-12-25,Social,804.33
2023-12-26,Social,487.08
2023-12-27,Social,672.45
2023-12-28,Social,391.6
2023-12-29,Social,488.04
2023-12-30,Social,516.42
2023-12-31,Social,433.09
2024-01-01,Social,653.8
2024-01-02,Social,763.24
2024-01-03,Social,821.38
2024-01-04,Social,729.62
2024-01-05,Social,723.82
2024-01-06,Social,500.5
2024-01-07,Social,639.07
2024-01-08,Social,624.82
2024-01-09,Social,626.71
2024-01-10,Social,536.79
2024-01-11,Social,640.87
2024-01-12,Social,934.06
2024-01-13,Social,425.86
2024-01-14,Social,564.57
2024-01-15,Social,893.76
2024-01-16,Social,682.91
2024-01-17,Social,768.58
2024-01-18,Social,552.38
2024-01-19,Social,728.67
2024-01-20,Social,412.04
2024-01-21,Social,779.65
2024-01-22,Social,810.12
2024-01-23,Social,985.9
2024-01-24,Social,529.38
2024-01-25,Social,560.98
2024-01-26,Social,471.93
2024-01-27,Social,700.73
2024-01-28,Social,712.3
2024-01-29,Social,470.55
2024-01-30,Social,499.65
2024-01-31,Social,637.36
2024-02-01,Social,610.91
2024-02-02,Social,780.76
2024-02-03,Social,707.79
2024-02-04,Social,875.25
2024-02-05,Social,878.21
2024-02-06,Social,567.55
2024-02-07,Social,790.69
2024-02-08,Social,675.93
2024-02-09,Social,753.86
2024-02-10,Social,730.16
2024-02-11,Social,820.34
2024-02-12,Social,961.04
2024-02-13,Social,658.34
2024-02-14,Social,413.77
2024-02-15,Social,852.47
2024-02-16,Social,701.65
2024-02-17,Social,917.63
2024-02-18,Social,766.54
2024-02-19,Social,487.75
2024-02-20,Social,775.97
2024-02-21,Social,837.11
2024-02-22,Social,734.91
2024-02-23,Social,580.79
2024-02-24,Social,745.95
2024-02-25,Social,679.97
2024-02-26,Social,768.83
2024-02-27,Social,590.18
2024-02-28,Social,1025.33
2024-02-29,Social,751.39
2024-03-01,Social,243.87
2024-03-02,Social,628.57
2024-03-03,Social,719.83
2024-03-04,Social,838.6
2024-03-05,Social,427.72
2024-03-06,Social,637.72
2024-03-07,Social,639.56
2024-03-08,Social,828.22
2024-03-09,Social,786.91
2024-03-10,Social,707.62
2024-03-11,Social,482.77
2024-03-12,Social,945.68
2024-03-13,Social,768.33
2024-03-14,Social,486.0
2024-03-15,Social,542.96
2024-03-16,Social,707.55
2024-03-17,Social,560.76
2024-03-18,Social,603.53
2024-03-19,Social,862.23
2024-03-20,Social,671.79
2024-03-21,Social,528.19
2024-03-22,Social,868.17
2024-03-23,Social,520.37
2024-03-24,Social,395.27
2024-03-25,Social,681.74
2024-03-26,Social,516.3
2024-03-27,Social,835.88
2024-03-28,Social,705.04
2024-03-29,Social,645.06
2024-03-30,Social,369.36
2024-03-31,Social,642.16
2024-04-01,Social,950.81
2024-04-02,Social,879.15
2024-04-03,Social,759.71
2024-04-04,Social,493.88
2024-04-05,Social,663.72
2024-04-06,Social,684.27
2024-04-07,Social,718.48
2024-04-08,Social,466.94
2024-04-09,Social,493.08
2024-04-10,Social,736.03
2024-04-11,Social,1001.75
2024-04-12,Social,611.75
2024-04-13,Social,1030.9
2024-04-14,Social,342.85
2024-04-15,Social,841.01
2024-04-16,Social,567.0
2024-04-17,Social,436.2
2024-04-18,Social,761.66
2024-04-19,Social,721.66
2024-04-20,Social,486.37
2024-04-21,Social,763.06
2024-04-22,Social,649.3
2024-04-23,Social,554.21
2024-04-24,Social,798.32
2024-04-25,Social,779.13
2024-04-26,Social,662.89
2024-04-27,Social,603.59
2024-04-28,Social,666.31
2024-04-29,Social,709.22
2024-04-30,Social,632.79
2024-05-01,Social,559.88
2024-05-02,Social,482.62
2024-05-03,Social,536.07
2024-05-04,Social,795.35
2024-05-05,Social,524.93
2024-05-06,Social,735.24
2024-05-07,Social,692.83
2024-05-08,Social,513.74
2024-05-09,Social,757.37
2024-05-10,Social,725.04
2024-05-11,Social,725.54
2024-05-12,Social,686.02
2024-05-13,Social,725.65
2024-05-14,Social,722.41
2024-05-15,Social,519.39
2024-05-16,Social,792.81
2024-05-17,Social,765.39
2024-05-18,Social,590.65
2024-05-19,Social,556.23
2024-05-20,Social,587.24
2024-05-21,Social,672.24
2024-05-22,Social,590.77
2024-05-23,Social,672.02
2024-05-24,Social,772.17
2024-05-25,Social,667.67
2024-05-26,Social,564.95
2024-05-27,Social,446.88
2024-05-28,Social,671.0
2024-05-29,Social,624.91
2024-05-30,Social,976.3
2024-05-31,Social,824.91
2024-06-01,Social,596.32
2024-06-02,Social,610.48
2024-06-03,Social,679.39
2024-06-04,Social,609.52
2024-06-05,Social,713.09
2024-06-06,Social,459.1
2024-06-07,Social,860.13
2024-06-08,Social,764.4
2024-06-09,Social,617.67
2024-06-10,Social,786.29
2024-06-11,Social,676.68
2024-06-12,Social,706.58
2024-06-13,Social,665.79
2024-06-14,Social,698.84
2024-06-15,Social,743.94
2024-06-16,Social,755.1
2024-06-17,Social,752.16
2024-06-18,Social,669.24
2024-06-19,Social,627.79
2024-06-20,Social,561.97
2024-06-21,Social,690.77
2024-06-22,Social,499.54
2024-06-23,Social,876.6
2024-06-24,Social,304.95
2024-06-25,Social,595.39
2024-06-26,Social,486.25
2024-06-27,Social,833.15
2024-06-28,Social,908.96
2024-06-29,Social,598.54
2024-06-30,Social,606.81
2024-07-01,Social,750.76
2024-07-02,Social,971.68
2024-07-03,Social,440.98
2024-07-04,Social,561.03
2024-07-05,Social,480.01
2024-07-06,Social,539.42
2024-07-07,Social,575.56
2024-07-08,Social,891.06
2024-07-09,Social,1047.92
2024-07-10,Social,644.26
2024-07-11,Social,489.56
2024-07-12,Social,576.21
2024-07-13,Social,256.46
2024-07-14,Social,751.83
2024-07-15,Social,655.32
2024-07-16,Social,521.53
2024-07-17,Social,607.93
2024-07-18,Social,581.24
2024-07-19,Social,525.85
2024-07-20,Social,491.55
2024-07-21,Social,684.07
2024-07-22,Social,798.82
2024-07-23,Social,465.53
2024-07-24,Social,726.44
2024-07-25,Social,901.08
2024-07-26,Social,716.99
2024-07-27,Social,567.15
2024-07-28,Social,874.92
2024-07-29,Social,561.98
2024-07-30,Social,590.4
2024-07-31,Social,665.1
2024-08-01,Social,619.96
2024-08-02,Social,525.57
2024-08-03,Social,551.1
2024-08-04,Social,445.05
2024-08-05,Social,596.09
2024-08-06,Social,462.62
2024-08-07,Social,605.69
2024-08-08,Social,637.61
2024-08-09,Social,800.46
2024-08-10,Social,587.85
2024-08-11,Social,760.42
2024-08-12,Social,794.87
2024-08-13,Social,663.88
2024-08-14,Social,811.8
2024-08-15,Social,691.83
2024-08-16,Social,975.13
2024-08-17,Social,515.57
2024-08-18,Social,840.98
2024-08-19,Social,766.16
2024-08-20,Social,743.72
2024-08-21,Social,913.02
2024-08-22,Social,638.88
2024-08-23,Social,651.16
2024-08-24,Social,527.66
2024-08-25,Social,579.5
2024-08-26,Social,571.22
2024-08-27,Social,741.92
2024-08-28,Social,737.4
2024-08-29,Social,566.66
2024-08-30,Social,579.65
2024-08-31,Social,625.1
2024-09-01,Social,732.27
2024-09-02,Social,824.83
2024-09-03,Social,508.32
2024-09-04,Social,1081.23
2024-09-05,Social,668.34
2024-09-06,Social,570.24
2024-09-07,Social,702.53
2024-09-08,Social,566.0
2024-09-09,Social,668.71
2024-09-10,Social,742.83
2024-09-11,Social,670.07
2024-09-12,Social,575.25
2024-09-13,Social,659.21
2024-09-14,Social,809.74
2024-09-15,Social,702.22
2024-09-16,Social,489.04
2024-09-17,Social,499.53
2024-09-18,Social,730.38
2024-09-19,Social,558.78
2024-09-20,Social,467.48
2024-09-21,Social,657.8
2024-09-22,Social,1104.53
2024-09-23,Social,916.15
2024-09-24,Social,574.45
2024-09-25,Social,595.63
2024-09-26,Social,605.36
2024-09-27,Social,245.86
2024-09-28,Social,574.67
2024-09-29,Social,676.52
2024-09-30,Social,480.03
2024-10-01,Social,967.35
2024-10-02,Social,371.74
2024-10-03,Social,583.16
2024-10-04,Social,880.13
2024-10-05,Social,751.29
2024-10-06,Social,695.28
2024-10-07,Social,651.82
2024-10-08,Social,580.82
2024-10-09,Social,533.79
2024-10-10,Social,596.54
2024-10-11,Social,436.18
2024-10-12,Social,974.22
2024-10-13,Social,727.58
2024-10-14,Social,772.24
2024-10-15,Social,407.52
2024-10-16,Social,351.64
2024-10-17,Social,418.46
2024-10-18,Social,562.79
2024-10-19,Social,921.87
2024-10-20,Social,523.38
2024-10-21,Social,325.26
2024-10-22,Social,757.36
2024-10-23,Social,563.34
2024-10-24,Social,421.27
2024-10-25,Social,547.39
2024-10-26,Social,436.18
2024-10-27,Social,558.8
2024-10-28,Social,247.37
2024-10-29,Social,893.44
2024-10-30,Social,591.5
2024-10-31,Social,635.37
2024-11-01,Social,967.03
2024-11-02,Social,679.17
2024-11-03,Social,750.4
2024-11-04,Social,456.26
2024-11-05,Social,440.25
2024-11-06,Social,563.26
2024-11-07,Social,320.82
2024-11-08,Social,946.29
2024-11-09,Social,679.78
2024-11-10,Social,486.52
2024-11-11,Social,551.55
2024-11-12,Social,707.43
2024-11-13,Social,804.41
2024-11-14,Social,691.67
2024-11-15,Social,640.57
2024-11-16,Social,626.54
2024-11-17,Social,481.61
2024-11-18,Social,846.7
2024-11-19,Social,695.25
2024-11-20,Social,763.37
2024-11-21,Social,639.29
2024-11-22,Social,819.9
2024-11-23,Social,497.13
2024-11-24,Social,829.48
2024-11-25,Social,579.82
2024-11-26,Social,763.79
2024-11-27,Social,809.13
2024-11-28,Social,320.25
2024-11-29,Social,1089.4
2024-11-30,Social,957.39
2024-12-01,Social,625.7
2024-12-02,Social,614.5
2024-12-03,Social,583.88
2024-12-04,Social,702.37
2024-12-05,Social,573.44
2024-12-06,Social,822.94
2024-12-07,Social,580.74
2024-12-08,Social,902.39
2024-12-09,Social,948.19
2024-12-10,Social,798.31
2024-12-11,Social,672.98
2024-12-12,Social,789.79
2024-12-13,Social,240.37
2024-12-14,Social,661.72
2024-12-15,Social,785.7
2024-12-16,Social,332.36
2024-12-17,Social,773.0
2024-12-18,Social,582.54
2024-12-19,Social,655.21
2024-12-20,Social,469.8
2024-12-21,Social,934.16
2024-12-22,Social,663.27
2024-12-23,Social,523.45
2024-12-24,Social,398.83
2024-12-25,Social,446.01
2024-12-26,Social,610.85
2024-12-27,Social,328.1
2024-12-28,Social,623.14
2024-12-29,Social,774.48
2024-12-30,Social,649.21
2024-12-31,Social,579.24
